x_m,x_mm,temperature_C
0.0,0.0,100.0
0.001,1.0,99.58548966090622
0.002,2.0,99.17407190158164
0.003,3.0,98.76572966318221
0.004,4.0,98.36044601438587
0.005,5.0,97.95820415069058
0.006,6.0,97.55898739371756
0.007,7.0,97.16277919051963
0.008,8.0,96.76956311289506
0.009000000000000001,9.000000000000002,96.37932285670625
0.01,10.0,95.99204224120372
0.011,11.0,95.60770520835527
0.012,12.0,95.22629582218009
0.013000000000000001,13.000000000000002,94.84779826808796
0.014,14.0,94.47219685222368
0.015,15.0,94.09947600081617
0.016,16.0,93.72962025953282
0.017,17.0,93.36261429283873
0.018000000000000002,18.000000000000004,92.9984428833607
0.019,19.0,92.63709093125644
0.02,20.0,92.27854345358834
0.021,21.0,91.92278558370231
0.022,22.0,91.5698025706113
0.023,23.0,91.21957977838372
0.024,24.0,90.87210268553655
0.025,25.0,90.52735688443322
0.026000000000000002,26.000000000000004,90.18532808068625
0.027,27.0,89.84600209256452
0.028,28.0,89.50936485040529
0.029,29.0,89.17540239603078
0.03,30.0,88.84410088216941
0.031,31.0,88.51544657188168
0.032,32.0,88.18942583799058
0.033,33.0,87.86602516251651
0.034,34.0,87.54523113611685
0.035,35.0,87.22703045752993
0.036000000000000004,36.00000000000001,86.91140993302346
0.037,37.0,86.59835647584757
0.038,38.0,86.28785710569207
0.039,39.0,85.97989894814839
0.04,40.0,85.67446923417562
0.041,41.0,85.37155529957114
0.042,42.0,85.07114458444545
0.043000000000000003,43.0,84.77322463270151
0.044,44.0,84.47778309151812
0.045,45.0,84.18480771083787
0.046,46.0,83.89428634285903
0.047,47.0,83.6062069415321
0.048,48.0,83.32055756206012
0.049,49.0,83.03732636040351
0.05,50.0,82.75650159278892
0.051000000000000004,51.00000000000001,82.47807161522236
0.052000000000000005,52.00000000000001,82.20202488300633
0.053,53.0,81.92834995026115
0.054,54.0,81.65703546945042
0.055,55.0,81.38807019091047
0.056,56.0,81.12144296238384
0.057,57.0,80.85714272855705
0.058,58.0,80.59515853060205
0.059000000000000004,59.00000000000001,80.33547950572185
0.06,60.0,80.0780948867002
0.061,61.0,79.82299400145502
0.062,62.0,79.57016627259601
0.063,63.0,79.31960121698596
0.064,64.0,79.07128844530621
0.065,65.0,78.82521766162574
0.066,66.0,78.5813786629744
0.067,67.0,78.33976133891974
0.068,68.0,78.10035567114784
0.069,69.0,77.86315173304794
0.07,70.0,77.62813968930082
0.07100000000000001,71.00000000000001,77.39530979547098
0.07200000000000001,72.00000000000001,77.16465239760267
0.073,73.0,76.9361579318195
0.074,74.0,76.70981692392795
0.075,75.0,76.48561998902454
0.076,76.0,76.26355783110667
0.077,77.0,76.04362124268721
0.078,78.0,75.82580110441268
0.079,79.0,75.61008838468517
0.08,80.0,75.39647413928785
0.081,81.0,75.18494951101405
0.082,82.0,74.97550572930015
0.083,83.0,74.76813410986173
0.084,84.0,74.56282605433367
0.085,85.0,74.35957304991351
0.08600000000000001,86.0,74.15836666900853
0.08700000000000001,87.00000000000001,73.95919856888631
0.088,88.0,73.76206049132881
0.089,89.0,73.56694426228992
0.09,90.0,73.37384179155657
0.091,91.0,73.18274507241333
0.092,92.0,72.99364618131027
0.093,93.0,72.80653727753457
0.094,94.0,72.62141060288542
0.095,95.0,72.43825848135216
0.096,96.0,72.25707331879623
0.097,97.0,72.07784760263615
0.098,98.0,71.90057390153605
0.099,99.0,71.72524486509758
0.1,100.0,71.55185322355504
0.101,101.0,71.38039178747411
0.10200000000000001,102.00000000000001,71.21085344745359
0.10300000000000001,103.00000000000001,71.04323117383069
0.10400000000000001,104.00000000000001,70.87751801638959
0.105,105.0,70.71370710407315
0.106,106.0,70.55179164469817
0.107,107.0,70.3917649246736
0.108,108.0,70.23362030872224
0.109,109.0,70.07735123960569
0.11,110.0,69.92295123785236
0.111,111.0,69.77041390148881
0.112,112.0,69.61973290577437
0.113,113.0,69.47090200293886
0.114,114.0,69.3239150219235
0.115,115.0,69.17876586812511
0.116,116.0,69.03544852314334
0.117,117.0,68.89395704453116
0.11800000000000001,118.00000000000001,68.75428556554847
0.11900000000000001,119.00000000000001,68.61642829491879
0.12,120.0,68.48037951658921
0.121,121.0,68.34613358949332
0.122,122.0,68.21368494731735
0.123,123.0,68.08302809826937
0.124,124.0,67.95415762485155
0.125,125.0,67.82706818363553
0.126,126.0,67.70175450504095
0.127,127.0,67.57821139311682
0.128,128.0,67.45643372532615
0.129,129.0,67.33641645233357
0.13,130.0,67.21815459779593
0.131,131.0,67.10164325815599
0.132,132.0,66.98687760243907
0.133,133.0,66.87385287205274
0.134,134.0,66.76256438058957
0.135,135.0,66.65300751363273
0.136,136.0,66.54517772856474
0.137,137.0,66.43907055437907
0.138,138.0,66.33468159149473
0.139,139.0,66.23200651157393
0.14,140.0,66.13104105734256
0.14100000000000001,141.0,66.03178104241363
0.14200000000000002,142.00000000000003,65.9342223511138
0.14300000000000002,143.00000000000003,65.8383609383126
0.14400000000000002,144.00000000000003,65.74419282925481
0.145,145.0,65.65171411939558
0.146,146.0,65.56092097423854
0.147,147.0,65.4718096291769
0.148,148.0,65.38437638933723
0.149,149.0,65.29861762942633
0.15,150.0,65.2145297935809
0.151,151.0,65.13210939522004
0.152,152.0,65.05135301690083
0.153,153.0,64.97225731017653
0.154,154.0,64.89481899545765
0.155,155.0,64.81903486187623
0.156,156.0,64.74490176715241
0.157,157.0,64.67241663746432
0.158,158.0,64.6015764673206
0.159,159.0,64.53237831943576
0.16,160.0,64.46481932460838
0.161,161.0,64.39889668160217
0.162,162.0,64.33460765702978
0.163,163.0,64.27194958523957
0.164,164.0,64.21091986820491
0.165,165.0,64.1515159754166
0.166,166.0,64.09373544377789
0.167,167.0,64.03757587750238
0.168,168.0,63.983034948014634
0.169,169.0,63.930110393853646
0.17,170.0,63.87880002057912
0.171,171.0,63.829101700680425
0.17200000000000001,172.0,63.781013373488385
0.17300000000000001,173.00000000000003,63.73453304508985
0.17400000000000002,174.00000000000003,63.68965878824506
0.17500000000000002,175.00000000000003,63.64638874230765
0.176,176.0,63.604721113147576
0.177,177.0,63.56465417307666
0.178,178.0,63.526186260777045
0.179,179.0,63.48931578123221
0.18,180.0,63.45404120566087
0.181,181.0,63.42036107145364
0.182,182.0,63.38827398211234
0.183,183.0,63.35777860719204
0.184,184.0,63.328873682246034
0.185,185.0,63.301558008773284
0.186,186.0,63.27583045416876
0.187,187.0,63.251689951676546
0.188,188.0,63.2291355003455
0.189,189.0,63.20816616498781
0.19,190.0,63.18878107614025
0.191,191.0,63.17097943002806
0.192,192.0,63.15476048853164
0.193,193.0,63.140123579156004
0.194,194.0,63.12706809500277
0.195,195.0,63.11559349474515
0.196,196.0,63.105699302605366
0.197,197.0,63.09738510833503
0.198,198.0,63.090650567198054
0.199,199.0,63.08549539995641
0.2,200.0,63.08191939285851
