node_id,x_mm,y_mm,u_x_mm,u_y_mm
0,0.0,-15.0,0.0,0.0
1,2.5,-15.0,-0.0012828981213628822,-0.0006710310573986797
2,5.0,-15.0,-0.002418356131604932,-0.001158252519118428
3,7.5,-15.0,-0.003535693338370697,-0.0017632661571429635
4,10.0,-15.0,-0.00465418103454132,-0.0025183565476044386
5,12.5,-15.0,-0.005771184208443553,-0.003447320554192553
6,15.0,-15.0,-0.006883307055302306,-0.004557256187451896
7,17.5,-15.0,-0.0079877852178153,-0.005850504744749614
8,20.0,-15.0,-0.009082807579321759,-0.007326864573388752
9,22.5,-15.0,-0.010167265265346625,-0.008985056280808425
10,25.0,-15.0,-0.011240521914650095,-0.010823321228316193
11,27.5,-15.0,-0.0123022316735632,-0.012839713401934764
12,30.0,-15.0,-0.013352217000727218,-0.015032225751548719
13,32.5,-15.0,-0.01439039236339891,-0.017398841370007675
14,35.0,-15.0,-0.015416719726094272,-0.01993755041374672
15,37.5,-15.0,-0.016431184056845505,-0.022646353154904188
16,40.0,-15.0,-0.017433780618973372,-0.025523258314452825
17,42.5,-15.0,-0.018424508784411084,-0.02856628047176485
18,45.0,-15.0,-0.019403369247845925,-0.03177343785975372
19,47.5,-15.0,-0.020370362904524885,-0.03514275082230681
20,50.0,-15.0,-0.021325490481664416,-0.038672240846703475
21,52.5,-15.0,-0.02226875247614624,-0.0423599300020585
22,55.0,-15.0,-0.023200149194716066,-0.04620384063394198
23,57.5,-15.0,-0.0241196808131484,-0.0502019952083463
24,60.0,-15.0,-0.025027347425925203,-0.05435241623719627
25,62.5,-15.0,-0.02592314908074391,-0.0586531262456904
26,65.0,-15.0,-0.026807085800054968,-0.0631021477597078
27,67.5,-15.0,-0.02767915759351076,-0.067697503302067
28,70.0,-15.0,-0.028539364464710344,-0.07243721539223406
29,72.5,-15.0,-0.0293877064146325,-0.07731930654708269
30,75.0,-15.0,-0.030224183443267223,-0.08234179928176064
31,77.5,-15.0,-0.03104879555032669,-0.08750271611036901
32,80.0,-15.0,-0.031861542735516675,-0.09280007954641792
33,82.5,-15.0,-0.03266242499861503,-0.09823191210310432
34,85.0,-15.0,-0.033451442339475876,-0.10379623629346885
35,87.5,-15.0,-0.03422859475801163,-0.10949107463048013
36,90.0,-15.0,-0.03499388225417321,-0.11531444962707701
37,92.5,-15.0,-0.03574730482793474,-0.12126438379618687
38,95.0,-15.0,-0.03648886247928352,-0.12733889965073505
39,97.5,-15.0,-0.03721855520821374,-0.13353601970364698
40,100.0,-15.0,-0.037936383014722935,-0.13985376646784953
41,102.5,-15.0,-0.03864234589881032,-0.1462901624562705
42,105.0,-15.0,-0.03933644386047571,-0.15284323018183849
43,107.5,-15.0,-0.04001867689971922,-0.1595109921574827
44,110.0,-15.0,-0.04068904501654086,-0.16629147089613253
45,112.5,-15.0,-0.041347548210940804,-0.17318268891071742
46,115.0,-15.0,-0.04199418648291907,-0.1801826687141672
47,117.5,-15.0,-0.04262895983247578,-0.1872894328194114
48,120.0,-15.0,-0.04325186825961092,-0.1945010037393804
49,122.5,-15.0,-0.04386291176432443,-0.20181540398700326
50,125.0,-15.0,-0.044462090346616384,-0.20923065607520971
51,127.5,-15.0,-0.04504940400648684,-0.21674478251692975
52,130.0,-15.0,-0.04562485274393577,-0.224355805825093
53,132.5,-15.0,-0.046188436558963174,-0.23206174851262934
54,135.0,-15.0,-0.046740155451568996,-0.23986063309246855
55,137.5,-15.0,-0.04728000942175334,-0.2477504820775403
56,140.0,-15.0,-0.04780799846951603,-0.2557293179807745
57,142.5,-15.0,-0.04832412259485696,-0.26379516331510056
58,145.0,-15.0,-0.048828381797776266,-0.27194604059344846
59,147.5,-15.0,-0.049320776078273884,-0.2801799723287478
60,150.0,-15.0,-0.04980130543634963,-0.2884949810339279
61,152.5,-15.0,-0.050269969872003606,-0.2968890892219185
62,155.0,-15.0,-0.05072676938523582,-0.30536031940564856
63,157.5,-15.0,-0.05117170397604657,-0.31390669409804756
64,160.0,-15.0,-0.051604773644436455,-0.3225262358120439
65,162.5,-15.0,-0.0520259783904074,-0.33121696706056586
66,165.0,-15.0,-0.052435318213963626,-0.33997691035654043
67,167.5,-15.0,-0.052832793115114116,-0.34880408821289566
68,170.0,-15.0,-0.05321840309387653,-0.3576965231425623
69,172.5,-15.0,-0.05359214815028337,-0.36665223765847943
70,175.0,-15.0,-0.05395402828439079,-0.3756692542736101
71,177.5,-15.0,-0.054304043496289006,-0.3847455955009697
72,180.0,-15.0,-0.054642193786107525,-0.39387928385368287
73,182.5,-15.0,-0.05496847915400036,-0.4030683418450871
74,185.0,-15.0,-0.05528289960007104,-0.41231079198891185
75,187.5,-15.0,-0.055585455124153575,-0.42160465679955367
76,190.0,-15.0,-0.05587614572527858,-0.43094795879246983
77,192.5,-15.0,-0.05615497140050132,-0.44033872048461586
78,195.0,-15.0,-0.05642193214251878,-0.449774964394663
79,197.5,-15.0,-0.05667702793512764,-0.45925471304224974
80,200.0,-15.0,-0.05692025874508885,-0.46877598894447375
81,202.5,-15.0,-0.05715162450853071,-0.47833681460578537
82,205.0,-15.0,-0.05737112511013382,-0.48793521249352967
83,207.5,-15.0,-0.05757876035530235,-0.4975692049845719
84,210.0,-15.0,-0.0577745299422588,-0.5072368142571999
85,212.5,-15.0,-0.05795843345858561,-0.5169360620858169
86,215.0,-15.0,-0.05813047046704889,-0.5266649694746335
87,217.5,-15.0,-0.05829064083026084,-0.5364215560479981
88,220.0,-15.0,-0.05843894559012518,-0.5462038391221551
89,222.5,-15.0,-0.058575389025487534,-0.556009832474554
90,225.0,-15.0,-0.05869998304607836,-0.5658375451334734
91,227.5,-15.0,-0.05881275595020274,-0.5756849813041438
92,230.0,-15.0,-0.05891376887823157,-0.5855501443686031
93,232.5,-15.0,-0.05900314503668107,-0.5954310517555557
94,235.0,-15.0,-0.059081118699448376,-0.605325775519104
95,237.5,-15.0,-0.05914811183495471,-0.6152325392754556
96,240.0,-15.0,-0.05920484294454375,-0.6251499402242078
97,242.5,-15.0,-0.05925244265671671,-0.6350774320680223
98,245.0,-15.0,-0.05929242719181936,-0.6450165384163271
99,247.5,-15.0,-0.05932539840784311,-0.654973280063287
100,250.0,-15.0,-0.059342251753241794,-0.6649682613295965
101,0.0,-12.5,0.0,0.0
102,2.5,-12.5,-0.0009042632094792594,-0.00034908466215861813
103,5.0,-12.5,-0.0018984250988139815,-0.0008514639400679234
104,7.5,-12.5,-0.0028667960864710014,-0.001451294487164711
105,10.0,-12.5,-0.003818748975965924,-0.002208328095815338
106,12.5,-12.5,-0.004759531528583333,-0.0031391228561463576
107,15.0,-12.5,-0.00569104409904876,-0.004251528270425411
108,17.5,-12.5,-0.006613594770017595,-0.005547559458537719
109,20.0,-12.5,-0.00752701429331094,-0.007026921534479383
110,22.5,-12.5,-0.008431056968496674,-0.008688241504597427
111,25.0,-12.5,-0.00932552279503464,-0.010529704745279502
112,27.5,-12.5,-0.010210276544207376,-0.012549331289925782
113,30.0,-12.5,-0.011085235721222754,-0.014745095429590478
114,32.5,-12.5,-0.011950353595448738,-0.017114970561240568
115,35.0,-12.5,-0.012805605329880926,-0.019656942149296204
116,37.5,-12.5,-0.01365097853484344,-0.022369008372186888
117,40.0,-12.5,-0.014486467461263423,-0.025249177121513994
118,42.5,-12.5,-0.015312069686509553,-0.028295462714289222
119,45.0,-12.5,-0.016127784339428405,-0.031505883347813686
120,47.5,-12.5,-0.016933611207500036,-0.0348784594035991
121,50.0,-12.5,-0.0177295503182953,-0.03841121241785894
122,52.5,-12.5,-0.0185156017605159,-0.04210216449955273
123,55.0,-12.5,-0.019291765617905927,-0.04594933802150707
124,57.5,-12.5,-0.02005804195176298,-0.049950755466553844
125,60.0,-12.5,-0.020814430801620144,-0.05410443935627306
126,62.5,-12.5,-0.021560932190907742,-0.058408412221055986
127,65.0,-12.5,-0.022297546132604172,-0.06286069658940469
128,67.5,-12.5,-0.023024272633463988,-0.067459314985373
129,70.0,-12.5,-0.02374111169678024,-0.07220228992895882
130,72.5,-12.5,-0.024448063324037254,-0.07708764393723429
131,75.0,-12.5,-0.02514512751583371,-0.08211339952540143
132,77.5,-12.5,-0.025832304272366755,-0.08727757920756114
133,80.0,-12.5,-0.02650959359367018,-0.0925782054972078
134,82.5,-12.5,-0.027176995479723003,-0.09801330090752218
135,85.0,-12.5,-0.027834509930493967,-0.1035808879515328
136,87.5,-12.5,-0.028482136945956735,-0.10927898914220041
137,90.0,-12.5,-0.029119876526093026,-0.11510562699245874
138,92.5,-12.5,-0.029747728670891406,-0.1210588240152328
139,95.0,-12.5,-0.03036569338034526,-0.12713660272344632
140,97.5,-12.5,-0.03097377065445101,-0.13333698563002408
141,100.0,-12.5,-0.03157196049320681,-0.13965799524789263
142,102.5,-12.5,-0.03216026289661184,-0.14609765408997957
143,105.0,-12.5,-0.0327386778646657,-0.1526539846692136
144,107.5,-12.5,-0.033307205397368256,-0.1593250094985238
145,110.0,-12.5,-0.03386584549471948,-0.1661087510908396
146,112.5,-12.5,-0.03441459815671935,-0.17300323195909043
147,115.0,-12.5,-0.0349534633833679,-0.1800064746162062
148,117.5,-12.5,-0.03548244117466508,-0.18711650157511645
149,120.0,-12.5,-0.03600153153061097,-0.19433133534875113
150,122.5,-12.5,-0.036510734451205624,-0.20164899845003992
151,125.0,-12.5,-0.03701004993644894,-0.20906751339191237
152,127.5,-12.5,-0.03749947798634098,-0.2165849026872983
153,130.0,-12.5,-0.03797901860088175,-0.2241991888491275
154,132.5,-12.5,-0.03844867178007122,-0.23190839439032981
155,135.0,-12.5,-0.0389084375239094,-0.23971054182383494
156,137.5,-12.5,-0.03935831583239629,-0.24760365366257248
157,140.0,-12.5,-0.0397983067055318,-0.25558575241947273
158,142.5,-12.5,-0.04022841014331592,-0.26365486060746485
159,145.0,-12.5,-0.04064862614574872,-0.27180900073947845
160,147.5,-12.5,-0.04105895471283017,-0.2800461953284439
161,150.0,-12.5,-0.04145939584456029,-0.28836446688729
162,152.5,-12.5,-0.04184994954093909,-0.29676183792894645
163,155.0,-12.5,-0.04223061580196674,-0.3052363309663426
164,157.5,-12.5,-0.04260139462764351,-0.3137859685124074
165,160.0,-12.5,-0.04296228601796999,-0.32240877308006977
166,162.5,-12.5,-0.04331328997294747,-0.33110276718225695
167,165.0,-12.5,-0.04365440649257838,-0.33986597333189617
168,167.5,-12.5,-0.04398563557686707,-0.348696414041914
169,170.0,-12.5,-0.04430697722582067,-0.35759211182523976
170,172.5,-12.5,-0.044618431439450205,-0.3665510891948093
171,175.0,-12.5,-0.04491999821777042,-0.37557136866358076
172,177.5,-12.5,-0.045211677560796,-0.3846509727445622
173,180.0,-12.5,-0.04549346946852852,-0.39378792395087003
174,182.5,-12.5,-0.04576537394092181,-0.40298024479583666
175,185.0,-12.5,-0.04602739097780252,-0.4122259577931996
176,187.5,-12.5,-0.0462795205787018,-0.4215230854574102
177,190.0,-12.5,-0.04652176274252414,-0.4308696503040874
178,192.5,-12.5,-0.04675411746693473,-0.4402636748505888
179,195.0,-12.5,-0.04697658474729596,-0.44970318161647754
180,197.5,-12.5,-0.04718916457495791,-0.4591861931232181
181,200.0,-12.5,-0.04739185693478341,-0.4687107318914195
182,202.5,-12.5,-0.04758466180216766,-0.47827482043186315
183,205.0,-12.5,-0.04776757914091598,-0.4878764812225742
184,207.5,-12.5,-0.0479406089060299,-0.4975137366569625
185,210.0,-12.5,-0.048103751061338976,-0.5071846089358906
186,212.5,-12.5,-0.04825700563387837,-0.5168871198575948
187,215.0,-12.5,-0.04840037284970658,-0.5266192904334419
188,217.5,-12.5,-0.04853385343667514,-0.53637914022978
189,220.0,-12.5,-0.048657449247890484,-0.5461646863265248
190,222.5,-12.5,-0.048771164464030695,-0.5559739418456581
191,225.0,-12.5,-0.048875007771803036,-0.565804914263838
192,227.5,-12.5,-0.048968996051760055,-0.575655604454355
193,230.0,-12.5,-0.049053160102716,-0.5855240091497907
194,232.5,-12.5,-0.04912755239101679,-0.5954081333713982
195,235.0,-12.5,-0.04919225474349063,-0.6053060273557904
196,237.5,-12.5,-0.04924737786906771,-0.6152158795968445
197,240.0,-12.5,-0.04929302918215214,-0.6251362307046197
198,242.5,-12.5,-0.04932919015421568,-0.6350664649380697
199,245.0,-12.5,-0.04935541903999832,-0.6450078294220439
200,247.5,-12.5,-0.0493706033419327,-0.6549659630753563
201,250.0,-12.5,-0.04937900232063218,-0.6649508500300597
202,0.0,-10.0,0.0,0.0
203,2.5,-10.0,-0.0006999808755730715,-0.0001890933587238297
204,5.0,-10.0,-0.001455465619539454,-0.0006057477708174146
205,7.5,-10.0,-0.002234613687385052,-0.0011951615975532136
206,10.0,-10.0,-0.0030065589984441103,-0.001950722664935558
207,12.5,-10.0,-0.0037677610758633166,-0.0028838941607149927
208,15.0,-10.0,-0.004518590798807083,-0.003999293468021638
209,17.5,-10.0,-0.0052599670959140536,-0.00529841828918004
210,20.0,-10.0,-0.005992552187222547,-0.006780783312171997
211,22.5,-10.0,-0.006716752848142217,-0.008444999993283063
212,25.0,-10.0,-0.007432800475648294,-0.010289273633334648
213,27.5,-10.0,-0.008140820371446726,-0.012311651283287832
214,30.0,-10.0,-0.008840877152983222,-0.01451012940414078
215,32.5,-10.0,-0.00953300234410884,-0.016882696897174077
216,35.0,-10.0,-0.010217210277838453,-0.0194273490139189
217,37.5,-10.0,-0.010893506844305451,-0.022142089670193845
218,40.0,-10.0,-0.011561894068107738,-0.025024929912937494
219,42.5,-10.0,-0.012222372370908318,-0.02807388569186859
220,45.0,-10.0,-0.012874941614213712,-0.03128697599554278
221,47.5,-10.0,-0.013519601535504652,-0.03466222155944631
222,50.0,-10.0,-0.014156351903030332,-0.038197644060863234
223,52.5,-10.0,-0.01478519255197609,-0.041891265654016976
224,55.0,-10.0,-0.015406123377907832,-0.04574110871846167
225,57.5,-10.0,-0.01601914431974644,-0.04974519573114055
226,60.0,-10.0,-0.016624255344049318,-0.053901549205647444
227,62.5,-10.0,-0.01722145643361098,-0.05820819166579928
228,65.0,-10.0,-0.01781074758015195,-0.06266314563557578
229,67.5,-10.0,-0.018392128780003365,-0.06726443363622645
230,70.0,-10.0,-0.018965600031725274,-0.07201007818613649
231,72.5,-10.0,-0.01953116133487139,-0.07689810180150838
232,75.0,-10.0,-0.020088812689389234,-0.08192652699710345
233,77.5,-10.0,-0.02063855409535118,-0.08709337628681442
234,80.0,-10.0,-0.021180385552846792,-0.09239667218404582
235,82.5,-10.0,-0.021714307061948,-0.09783443720194425
236,85.0,-10.0,-0.022240318622703675,-0.10340469385352899
237,87.5,-10.0,-0.022758420235143885,-0.10910546465176052
238,90.0,-10.0,-0.023268611899285776,-0.11493477210957515
239,92.5,-10.0,-0.02377089361513854,-0.12089063873990039
240,95.0,-10.0,-0.02426526538270682,-0.12697108705566204
241,97.5,-10.0,-0.024751727201992823,-0.13317413956978633
242,100.0,-10.0,-0.02523027907299746,-0.13949781879520048
243,102.5,-10.0,-0.02570092099572105,-0.1459401472448326
244,105.0,-10.0,-0.02616365297016371,-0.15249914743161158
245,107.5,-10.0,-0.02661847499632542,-0.15917284186846664
246,110.0,-10.0,-0.02706538707420617,-0.1659592530683273
247,112.5,-10.0,-0.027504389203805935,-0.17285640354412302
248,115.0,-10.0,-0.027935481385124705,-0.17986231580878353
249,117.5,-10.0,-0.02835866361816244,-0.1869750123752387
250,120.0,-10.0,-0.02877393590291913,-0.19419251575641805
251,122.5,-10.0,-0.029181298239394804,-0.20151284846525175
252,125.0,-10.0,-0.02958075062758944,-0.2089340330146691
253,127.5,-10.0,-0.02997229306750306,-0.21645409191759984
254,130.0,-10.0,-0.030355925559135674,-0.22407104768697383
255,132.5,-10.0,-0.03073164810248725,-0.231782922835721
256,135.0,-10.0,-0.03109946069755783,-0.2395877398767709
257,137.5,-10.0,-0.03145936334434729,-0.24748352132305357
258,140.0,-10.0,-0.03181135604285569,-0.2554682896874986
259,142.5,-10.0,-0.032155438793083045,-0.2635400674830356
260,145.0,-10.0,-0.032491611595029314,-0.2716968772225941
261,147.5,-10.0,-0.032819874448694636,-0.27993674141910413
262,150.0,-10.0,-0.033140227354078976,-0.2882576825854951
263,152.5,-10.0,-0.03345267031118229,-0.29665772323469664
264,155.0,-10.0,-0.033757203320004606,-0.30513488587963783
265,157.5,-10.0,-0.03405382638054579,-0.31368719303324816
266,160.0,-10.0,-0.03434253949280559,-0.3223126672084565
267,162.5,-10.0,-0.03462334265678331,-0.3310093309181908
268,165.0,-10.0,-0.03489623587247737,-0.339775206675379
269,167.5,-10.0,-0.03516121913988449,-0.34860831699294903
270,170.0,-10.0,-0.0354182924589985,-0.3575066843838316
271,172.5,-10.0,-0.035667455829808174,-0.366468331360963
272,175.0,-10.0,-0.03590870925229427,-0.3754912804373001
273,177.5,-10.0,-0.03614205272642712,-0.38457355412584177
274,180.0,-10.0,-0.03636748625216561,-0.3937131749396765
275,182.5,-10.0,-0.03658500982946566,-0.4029081653920691
276,185.0,-10.0,-0.03679462345831064,-0.4121565479966069
277,187.5,-10.0,-0.036996327138796456,-0.42145634526743436
278,190.0,-10.0,-0.03719012087133035,-0.43080557971958444
279,192.5,-10.0,-0.03737600465705704,-0.4402022738693577
280,195.0,-10.0,-0.037553978498708535,-0.4496444502345417
281,197.5,-10.0,-0.0377240424021937,-0.45913013133386293
282,200.0,-10.0,-0.0378861963793921,-0.46865733968421946
283,202.5,-10.0,-0.03804044045271478,-0.47822409779254704
284,205.0,-10.0,-0.03818677466186114,-0.48782842813594984
285,207.5,-10.0,-0.038325199072331485,-0.497468353118052
286,210.0,-10.0,-0.038455713782592715,-0.5071418949801524
287,212.5,-10.0,-0.0385783189201475,-0.516847075631686
288,215.0,-10.0,-0.038693014601948246,-0.5265819163462835
289,217.5,-10.0,-0.03879980080407257,-0.5363444372531113
290,220.0,-10.0,-0.03889867702647396,-0.5461326565569496
291,222.5,-10.0,-0.03898964153029165,-0.5559445894932012
292,225.0,-10.0,-0.0390726897365754,-0.5657782472770053
293,227.5,-10.0,-0.03914781106271119,-0.5756316369742988
294,230.0,-10.0,-0.03921498298067393,-0.585502764783662
295,232.5,-10.0,-0.039274160363496194,-0.5953896485599047
296,235.0,-10.0,-0.039325257334320005,-0.6052903522577483
297,237.5,-10.0,-0.03936811896808504,-0.6152030674822023
298,240.0,-10.0,-0.03940248690721394,-0.6251262908784145
299,242.5,-10.0,-0.03942800850601063,-0.6350591581698222
300,245.0,-10.0,-0.03944452036603559,-0.645001987252167
301,247.5,-10.0,-0.039453680740306744,-0.6549560417648005
302,250.0,-10.0,-0.03946185518912129,-0.6649187865925011
303,0.0,-7.5,0.0,0.0
304,2.5,-7.5,-0.0005148270468710055,-9.522462761601448e-05
305,5.0,-7.5,-0.001069010219459075,-0.00044343664350434016
306,7.5,-7.5,-0.0016445768561648914,-0.0010017447147726878
307,10.0,-7.5,-0.0022249070703859626,-0.0017500413200216604
308,12.5,-7.5,-0.002799783590289269,-0.002683178426576324
309,15.0,-7.5,-0.0033666373153998647,-0.0038010453793883995
310,17.5,-7.5,-0.003925351190841744,-0.005103137132846905
311,20.0,-7.5,-0.004476487426241758,-0.006588380312763206
312,22.5,-7.5,-0.005020625203108781,-0.008255245701493231
313,25.0,-7.5,-0.00555819761831549,-0.010101959827159852
314,27.5,-7.5,-0.006089486348374678,-0.012126627716272861
315,30.0,-7.5,-0.006614659363324824,-0.014327299896627711
316,32.5,-7.5,-0.007133810261185658,-0.016702004659558692
317,35.0,-7.5,-0.007646988079588523,-0.01924876265912478
318,37.5,-7.5,-0.008154216918523425,-0.021965592886985096
319,40.0,-7.5,-0.008655507758406476,-0.024850514759094847
320,42.5,-7.5,-0.009150865103016737,-0.027901548592425163
321,45.0,-7.5,-0.009640290488858116,-0.03111671551167519
322,47.5,-7.5,-0.010123784225267805,-0.034494037219396693
323,50.0,-7.5,-0.010601346195981782,-0.03803153578556119
324,52.5,-7.5,-0.011072976193292915,-0.041727233495585096
325,55.0,-7.5,-0.011538674035756355,-0.04557915275312005
326,57.5,-7.5,-0.011998439594960142,-0.049585316022790815
327,60.0,-7.5,-0.012452272789790164,-0.05374374579864383
328,62.5,-7.5,-0.012900173572920856,-0.058052464587810375
329,65.0,-7.5,-0.013342141918495998,-0.06250949490258824
330,67.5,-7.5,-0.013778177813242148,-0.06711285925689854
331,70.0,-7.5,-0.014208281250787979,-0.07186058016487348
332,72.5,-7.5,-0.01463245222831964,-0.07675068014040301
333,75.0,-7.5,-0.015050690744738773,-0.08178118169706719
334,77.5,-7.5,-0.015462996799709295,-0.08695010734819472
335,80.0,-7.5,-0.015869370393195695,-0.09225547960694301
336,82.5,-7.5,-0.01626981152525657,-0.09769532098636341
337,85.0,-7.5,-0.016664320195962472,-0.10326765399944682
338,87.5,-7.5,-0.017052896405369656,-0.1089705011591517
339,90.0,-7.5,-0.017435540153516133,-0.11480188497841992
340,92.5,-7.5,-0.017812251440425232,-0.1207598279701858
341,95.0,-7.5,-0.018183030266110237,-0.12684235264738009
342,97.5,-7.5,-0.018547876630578285,-0.1330474815229325
343,100.0,-7.5,-0.01890679053383294,-0.1393732371097724
344,102.5,-7.5,-0.019259771975875847,-0.14581764192082922
345,105.0,-7.5,-0.019606820956707724,-0.15237871846903234
346,107.5,-7.5,-0.019947937476328795,-0.1590544892673113
347,110.0,-7.5,-0.02028312153473919,-0.16584297682859558
348,112.5,-7.5,-0.020612373131938918,-0.17274220366581491
349,115.0,-7.5,-0.02093569226792791,-0.1797501922918993
350,117.5,-7.5,-0.02125307894270616,-0.18686496521977813
351,120.0,-7.5,-0.021564533156273637,-0.19408454496238142
352,122.5,-7.5,-0.02187005490863036,-0.20140695403263875
353,125.0,-7.5,-0.02216964419977634,-0.20883021494347984
354,127.5,-7.5,-0.02246330102971157,-0.21635235020783433
355,130.0,-7.5,-0.022751025398436042,-0.22397138233863206
356,132.5,-7.5,-0.023032817305949742,-0.23168533384880302
357,135.0,-7.5,-0.02330867675225261,-0.23949222725127672
358,137.5,-7.5,-0.023578603737344734,-0.24739008505898322
359,140.0,-7.5,-0.02384259826122606,-0.2553769297848518
360,142.5,-7.5,-0.024100660323896628,-0.26345078394181287
361,145.0,-7.5,-0.0243527899253564,-0.271609670042795
362,147.5,-7.5,-0.024598987065605468,-0.2798516106007288
363,150.0,-7.5,-0.024839251744643798,-0.28817462812854355
364,152.5,-7.5,-0.025073583962471342,-0.2965767451391691
365,155.0,-7.5,-0.02530198371908781,-0.3050559841455348
366,157.5,-7.5,-0.025524451014492695,-0.3136103676605703
367,160.0,-7.5,-0.025740985848684807,-0.3222379181972056
368,162.5,-7.5,-0.02595158822166164,-0.33093665826836965
369,165.0,-7.5,-0.026156258133418313,-0.33970461038699284
370,167.5,-7.5,-0.026354995583946095,-0.3485397970660061
371,170.0,-7.5,-0.026547800573230255,-0.35744024081834247
372,172.5,-7.5,-0.02673467310124753,-0.3664039641569413
373,175.0,-7.5,-0.026915613167965743,-0.3754289895947531
374,177.5,-7.5,-0.0270906207733499,-0.38451333964475026
375,180.0,-7.5,-0.027259695917385272,-0.393655036819945
376,182.5,-7.5,-0.027422838600142614,-0.4028521036334165
377,185.0,-7.5,-0.027580048821931127,-0.4121025625983483
378,187.5,-7.5,-0.027731326583626575,-0.4214044362280667
379,190.0,-7.5,-0.027876671887327897,-0.4307557470360494
380,192.5,-7.5,-0.02801608473758822,-0.440154517535823
381,195.0,-7.5,-0.028149565143581672,-0.44959877024055916
382,197.5,-7.5,-0.028277113122652957,-0.45908652766196045
383,200.0,-7.5,-0.028398728705595632,-0.4686158123076348
384,202.5,-7.5,-0.028514411943351112,-0.4781846466754659
385,205.0,-7.5,-0.028624162912783992,-0.4877910532423677
386,207.5,-7.5,-0.02872798171407875,-0.4974330544432019
387,210.0,-7.5,-0.02882586844088935,-0.5071086726336784
388,212.5,-7.5,-0.02891782308082925,-0.5168159300296348
389,215.0,-7.5,-0.02900384525841691,-0.5265528486168272
390,217.5,-7.5,-0.029083933650031066,-0.5363174500367742
391,220.0,-7.5,-0.02915808476009274,-0.5461077554898796
392,222.5,-7.5,-0.029226290527562128,-0.5559217857876297
393,225.0,-7.5,-0.029288533924508788,-0.5657575618920585
394,227.5,-7.5,-0.029344781364719574,-0.5756131067193978
395,230.0,-7.5,-0.029394970575373068,-0.5854864498598619
396,232.5,-7.5,-0.029438993224749542,-0.5953756385063027
397,235.0,-7.5,-0.02947667469534399,-0.6052787604739557
398,237.5,-7.5,-0.029507763001816113,-0.6151939881397087
399,240.0,-7.5,-0.029531965926322203,-0.6251196461221897
400,242.5,-7.5,-0.029549138820252695,-0.6350542665140148
401,245.0,-7.5,-0.029559866281715017,-0.6449963593699926
402,247.5,-7.5,-0.029566484772644477,-0.6549431016391506
403,250.0,-7.5,-0.029573470373568674,-0.6648875771170415
404,0.0,-5.0,0.0,0.0
405,2.5,-5.0,-0.00033993434925655793,-3.821377302447083e-05
406,5.0,-5.0,-0.0007039391993646587,-0.00034026162863191455
407,7.5,-5.0,-0.0010836807448023713,-0.0008712946728887243
408,10.0,-5.0,-0.0014692139040643141,-0.001608302907875935
409,12.5,-5.0,-0.001853501004328605,-0.002539175273653176
410,15.0,-5.0,-0.0022330392119338325,-0.003658237420971679
411,17.5,-5.0,-0.00260694737899326,-0.004962599797653376
412,20.0,-5.0,-0.0029753813301669615,-0.006450208429882868
413,22.5,-5.0,-0.0033387718568966608,-0.008119242343685225
414,25.0,-5.0,-0.0036975174451105205,-0.009967895600336786
415,27.5,-5.0,-0.004051905713840788,-0.011994322703871066
416,30.0,-5.0,-0.004402119727983429,-0.014196633619221488
417,32.5,-5.0,-0.004748266611359639,-0.016572903841776204
418,35.0,-5.0,-0.0050904049465022305,-0.019121185834442913
419,37.5,-5.0,-0.00542856480923841,-0.021839518029107576
420,40.0,-5.0,-0.005762760631011713,-0.024725930887435476
421,42.5,-5.0,-0.006092998781092036,-0.027778450616622735
422,45.0,-5.0,-0.006419281742786574,-0.030995101290088145
423,47.5,-5.0,-0.006741610273869244,-0.034373905984378526
424,50.0,-5.0,-0.007059984452579255,-0.03791288735184104
425,52.5,-5.0,-0.0073744041448695966,-0.04161006788953607
426,55.0,-5.0,-0.0076848691901963756,-0.04546347005448707
427,57.5,-5.0,-0.007991379460842468,-0.04947111630641283
428,60.0,-5.0,-0.008293934870486474,-0.05363102911916547
429,62.5,-5.0,-0.008592535366230766,-0.05794123098042191
430,65.0,-5.0,-0.008887180917943733,-0.062399744388123006
431,67.5,-5.0,-0.009177871509518343,-0.06700459184688555
432,70.0,-5.0,-0.009464607132870322,-0.07175379586530722
433,72.5,-5.0,-0.009747387784220983,-0.07664537895420297
434,75.0,-5.0,-0.010026213461961624,-0.08167736362554755
435,77.5,-5.0,-0.010301084165502896,-0.08684777239188445
436,80.0,-5.0,-0.010571999894692485,-0.09215462776601545
437,82.5,-5.0,-0.010838960649540279,-0.09759595226084769
438,85.0,-5.0,-0.011101966430099634,-0.1031697683893237
439,87.5,-5.0,-0.011361017236422863,-0.10887409866439313
440,90.0,-5.0,-0.01161611306854878,-0.11470696559900247
441,92.5,-5.0,-0.011867253926502707,-0.1206663917060931
442,95.0,-5.0,-0.0121144398102997,-0.12675039949860195
443,97.5,-5.0,-0.012357670719948158,-0.13295701148946315
444,100.0,-5.0,-0.012596946655452444,-0.13928425019160856
445,102.5,-5.0,-0.012832267616814734,-0.1457301381179693
446,105.0,-5.0,-0.013063633604036012,-0.15229269778147564
447,107.5,-5.0,-0.013291044617116677,-0.15896995169505748
448,110.0,-5.0,-0.013514500656056866,-0.1657599223716444
449,112.5,-5.0,-0.013734001720856592,-0.17266063232416642
450,115.0,-5.0,-0.013949547811515878,-0.1796701040655534
451,117.5,-5.0,-0.014161138928034642,-0.18678636010873503
452,120.0,-5.0,-0.014368775070412931,-0.19400742296664086
453,122.5,-5.0,-0.01457245623865076,-0.20133131515220087
454,125.0,-5.0,-0.014772182432748079,-0.20875605917834458
455,127.5,-5.0,-0.014967953652704917,-0.21627967755800173
456,130.0,-5.0,-0.015159769898521218,-0.22390019280410223
457,132.5,-5.0,-0.015347631170196998,-0.2316156274295759
458,135.0,-5.0,-0.01553153746773227,-0.23942400394735236
459,137.5,-5.0,-0.01571148879112701,-0.2473233448703614
460,140.0,-5.0,-0.015887485140381234,-0.2553116727115329
461,142.5,-5.0,-0.01605952651549497,-0.2633870099837964
462,145.0,-5.0,-0.01622761291646822,-0.27154737920008143
463,147.5,-5.0,-0.016391744343300943,-0.2797908028733178
464,150.0,-5.0,-0.016551920795993203,-0.28811530351643533
465,152.5,-5.0,-0.016708142274544823,-0.2965189036423639
466,155.0,-5.0,-0.016860408778955536,-0.3049996257640333
467,157.5,-5.0,-0.017008720309224505,-0.31355549239437364
468,160.0,-5.0,-0.017153076865350315,-0.32218452604631564
469,162.5,-5.0,-0.017293478447329882,-0.33088474923279054
470,165.0,-5.0,-0.017429925055157593,-0.3396541844667311
471,167.5,-5.0,-0.017562416688823856,-0.3484908542610712
472,170.0,-5.0,-0.01769095334831294,-0.3573927811287479
473,172.5,-5.0,-0.017815535033601972,-0.3663579875827001
474,175.0,-5.0,-0.01793616174466328,-0.375384496135867
475,177.5,-5.0,-0.01805283348147635,-0.38447032930117886
476,180.0,-5.0,-0.018165550244063952,-0.39361350959153574
477,182.5,-5.0,-0.018274312032581987,-0.4028120595197543
478,185.0,-5.0,-0.018379118847517525,-0.4120640015984629
479,187.5,-5.0,-0.01847997069009416,-0.4213673583398868
480,190.0,-5.0,-0.018576867563048938,-0.4307201522554573
481,192.5,-5.0,-0.018669809472031597,-0.4401204058551313
482,195.0,-5.0,-0.018758796427959516,-0.44956614164630215
483,197.5,-5.0,-0.01884382845065537,-0.4590553821322222
484,200.0,-5.0,-0.018924905573786444,-0.468586149810117
485,202.5,-5.0,-0.019002027850016964,-0.4781564671698728
486,205.0,-5.0,-0.019075195352346756,-0.4877643566959054
487,207.5,-5.0,-0.019144408160807876,-0.4974078408786058
488,210.0,-5.0,-0.019209666309301723,-0.5070849422494149
489,212.5,-5.0,-0.019270969638943605,-0.516793683468172
490,215.0,-5.0,-0.019328317451588983,-0.5265320875174612
491,217.5,-5.0,-0.019381707765613602,-0.5362981781022507
492,220.0,-5.0,-0.019431135828521046,-0.54608998041997
493,222.5,-5.0,-0.019476591327680707,-0.5559055225562914
494,225.0,-5.0,-0.019518053486570687,-0.565742837855696
495,227.5,-5.0,-0.019555483068848196,-0.5755999686406563
496,230.0,-5.0,-0.019588810625369053,-0.5854749714124979
497,232.5,-5.0,-0.019617922076410447,-0.5953659226477264
498,235.0,-5.0,-0.019642647995374126,-0.6052709212810743
499,237.5,-5.0,-0.01966277562369334,-0.6151880752798601
500,240.0,-5.0,-0.019678126598547663,-0.6251154370251429
501,242.5,-5.0,-0.01968877649897367,-0.6350507881616134
502,245.0,-5.0,-0.019695456179543123,-0.6449910589433957
503,247.5,-5.0,-0.019699943243002074,-0.6549311915300406
504,250.0,-5.0,-0.01970504570404135,-0.6648626423143029
505,0.0,-2.5,0.0,0.0
506,2.5,-2.5,-0.0001691110455685883,-7.134576465178388e-06
507,5.0,-2.5,-0.0003497384252200698,-0.00028276361705753186
508,7.5,-2.5,-0.0005383492738032543,-0.000796317257776605
509,10.0,-2.5,-0.0007305651702208463,-0.0015246547401336701
510,12.5,-2.5,-0.0009227857462521869,-0.002452802104286389
511,15.0,-2.5,-0.001112973623233874,-0.00357212533683906
512,17.5,-2.5,-0.0013003656748923511,-0.004877811081358492
513,20.0,-2.5,-0.0014849194660470923,-0.006366947400356999
514,22.5,-2.5,-0.0016668367152382962,-0.008037404433830633
515,25.0,-2.5,-0.0018463421871076427,-0.009887315843128327
516,27.5,-2.5,-0.0020236099207563973,-0.011914861068013757
517,30.0,-2.5,-0.00219875514241784,-0.014118192814827266
518,32.5,-2.5,-0.0023718471227868586,-0.016495423304443563
519,35.0,-2.5,-0.002542924582011609,-0.019044630686403493
520,37.5,-2.5,-0.002712007814338894,-0.02176386945339158
521,40.0,-2.5,-0.0028791067816045074,-0.024651179352036326
522,42.5,-2.5,-0.003044226011282956,-0.027704591617471533
523,45.0,-2.5,-0.003207367352310243,-0.030922132880254964
524,47.5,-2.5,-0.003368531429702284,-0.03430182743101701
525,50.0,-2.5,-0.003527718364486605,-0.037841698450400495
526,52.5,-2.5,-0.003684928104418697,-0.041539768636619255
527,55.0,-2.5,-0.0038401605612648285,-0.045394060504572835
528,57.5,-2.5,-0.003993415658759343,-0.04940259651669854
529,60.0,-2.5,-0.004144693343191877,-0.05356339913324798
530,62.5,-2.5,-0.004293993580741283,-0.05787449082708862
531,65.0,-2.5,-0.004441316351722447,-0.06233389408473011
532,67.5,-2.5,-0.004586661645403664,-0.06693963140318764
533,70.0,-2.5,-0.00473002945628777,-0.07168972528645332
534,72.5,-2.5,-0.004871419781742747,-0.07658219824274246
535,75.0,-2.5,-0.005010832620610097,-0.08161507278265258
536,77.5,-2.5,-0.005148267972440144,-0.08678637141804205
537,80.0,-2.5,-0.005283725837097115,-0.0920941166613961
538,82.5,-2.5,-0.005417206214568345,-0.09753633102548931
539,85.0,-2.5,-0.005548709104879254,-0.10311103702321715
540,87.5,-2.5,-0.005678234508059678,-0.10881625716751815
541,90.0,-2.5,-0.005805782424133218,-0.11465001397134073
542,92.5,-2.5,-0.005931352853115758,-0.12061032994763146
543,95.0,-2.5,-0.006054945795017013,-0.12669522760933213
544,97.5,-2.5,-0.006176561249842516,-0.1329027294693801
545,100.0,-2.5,-0.006296199217595175,-0.13923085804070978
546,102.5,-2.5,-0.006413859698276479,-0.14567763583625326
547,105.0,-2.5,-0.006529542691887153,-0.15224108536894157
548,107.5,-2.5,-0.006643248198427491,-0.1589192291517052
549,110.0,-2.5,-0.006754976217897555,-0.16571008969747375
550,112.5,-2.5,-0.006864726750297373,-0.17261168951917738
551,115.0,-2.5,-0.006972499795626957,-0.179622051129746
552,117.5,-2.5,-0.007078295353886342,-0.1867391970421091
553,120.0,-2.5,-0.007182113425075462,-0.19396114976919654
554,122.5,-2.5,-0.007283954009194329,-0.20128593182393814
555,125.0,-2.5,-0.007383817106243008,-0.20871156571926341
556,127.5,-2.5,-0.007481702716221426,-0.2162360739681022
557,130.0,-2.5,-0.007577610839129544,-0.2238574790833844
558,132.5,-2.5,-0.007671541474967433,-0.23157380357803956
559,135.0,-2.5,-0.007763494623735084,-0.2393830699649978
560,137.5,-2.5,-0.007853470285432458,-0.2472833007571884
561,140.0,-2.5,-0.007941468460059574,-0.25527251846754156
562,142.5,-2.5,-0.008027489147616446,-0.2633487456089866
563,145.0,-2.5,-0.008111532348103093,-0.27151000469445324
564,147.5,-2.5,-0.008193598061519487,-0.27975431823687136
565,150.0,-2.5,-0.008273686287865623,-0.28807970874917055
566,152.5,-2.5,-0.008351797027141426,-0.2964841987442809
567,155.0,-2.5,-0.008427930279346654,-0.30496581073513274
568,157.5,-2.5,-0.00850208604448079,-0.3135225672346566
569,160.0,-2.5,-0.008574264322542744,-0.32215249075578384
570,162.5,-2.5,-0.008644465113530574,-0.3308536038114473
571,165.0,-2.5,-0.008712688417440686,-0.33962392891458143
572,167.5,-2.5,-0.00877893423426684,-0.34846148857812287
573,170.0,-2.5,-0.008843202563999328,-0.3573643053150112
574,172.5,-2.5,-0.008905493406624606,-0.36633040163818364
575,175.0,-2.5,-0.008965806762127708,-0.3753578000605674
576,177.5,-2.5,-0.009024142630501927,-0.3844445230950531
577,180.0,-2.5,-0.009080501011775249,-0.3935885932544391
578,182.5,-2.5,-0.009134881906073523,-0.4027880330513117
579,185.0,-2.5,-0.009187285313756427,-0.4120408649978181
580,187.5,-2.5,-0.0092377112356897,-0.42134511160524607
581,190.0,-2.5,-0.00928615967375658,-0.43069879538330913
582,192.5,-2.5,-0.009332630631760607,-0.44009993883901904
583,195.0,-2.5,-0.009377124116908057,-0.4495465644750986
584,197.5,-2.5,-0.009419640142021669,-0.4590366947881901
585,200.0,-2.5,-0.009460178728370836,-0.46856835226792315
586,202.5,-2.5,-0.009498739908169615,-0.47813955939984015
587,205.0,-2.5,-0.009535323723687636,-0.4877483386793381
588,207.5,-2.5,-0.009569930215199396,-0.4973927126521168
589,210.0,-2.5,-0.009602559380241368,-0.5070707040122784
590,212.5,-2.5,-0.00963321106776305,-0.516780335816839
591,215.0,-2.5,-0.009661884736441508,-0.5265196319207822
592,217.5,-2.5,-0.009688578948131814,-0.5362866178044073
593,220.0,-2.5,-0.009713290376466576,-0.5460793220510116
594,222.5,-2.5,-0.009736011985943404,-0.5558957788079187
595,225.0,-2.5,-0.009756729906506011,-0.565734031531167
596,227.5,-2.5,-0.009775418501169466,-0.5755921379272194
597,230.0,-2.5,-0.009792033498623481,-0.585468174700947
598,232.5,-2.5,-0.009806504526717344,-0.5953602373403807
599,235.0,-2.5,-0.009818732266526672,-0.6052664224732355
600,237.5,-2.5,-0.009828603448187926,-0.6151847648659252
601,240.0,-2.5,-0.009836048737496474,-0.6251130735073858
602,242.5,-2.5,-0.009841168872250807,-0.6350485755124564
603,245.0,-2.5,-0.009844411717724197,-0.644987276541158
604,247.5,-2.5,-0.009846703662832247,-0.6549230502452186
605,250.0,-2.5,-0.009849382573919901,-0.6648467169461834
606,0.0,0.0,0.0,0.0
607,2.5,0.0,8.064335993012177e-18,2.7777891583754242e-06
608,5.0,0.0,1.6185952589082425e-17,-0.000264266940761336
609,7.5,0.0,2.4304763388514894e-17,-0.0007718816554124919
610,10.0,0.0,3.267344890738738e-17,-0.001497048783464312
611,12.5,0.0,4.0996394647108136e-17,-0.002424060977524658
612,15.0,0.0,4.9520934228275415e-17,-0.003543359642327023
613,17.5,0.0,5.78896197471479e-17,-0.004849468733139989
614,20.0,0.0,6.556712638106088e-17,-0.006339128384335863
615,22.5,0.0,7.485060748296801e-17,-0.008010080689968134
616,25.0,0.0,8.454066439955721e-17,-0.009860428720611856
617,27.5,0.0,9.128982292327947e-17,-0.011888358453796008
618,30.0,0.0,9.915028867379938e-17,-0.01409203771525331
619,32.5,0.0,1.0879968800892037e-16,-0.016469592404203322
620,35.0,0.0,1.1888276821303556e-16,-0.019019110434824755
621,37.5,0.0,1.2620113287731272e-16,-0.021738652482103535
622,40.0,0.0,1.367178939504221e-16,-0.024626261898921267
623,42.5,0.0,1.474514954580286e-16,-0.027679971888529258
624,45.0,0.0,1.5536617131717279e-16,-0.03089781009025606
625,47.5,0.0,1.605703417451032e-16,-0.03427780127800187
626,50.0,0.0,1.599198204416119e-16,-0.03781796884527367
627,52.5,0.0,1.5937771935536915e-16,-0.04151633557301226
628,55.0,0.0,1.614377034830916e-16,-0.04537092400116812
629,57.5,0.0,1.6360610782806262e-16,-0.04937975659458588
630,60.0,0.0,1.708702623837155e-16,-0.05354085580890061
631,62.5,0.0,1.807365021533336e-16,-0.05785224411153198
632,65.0,0.0,1.8431436932253575e-16,-0.06231194398467521
633,67.5,0.0,1.975416358268589e-16,-0.06691797792243609
634,70.0,0.0,2.0925101928970236e-16,-0.07166836842702685
635,72.5,0.0,2.2724877535296173e-16,-0.07656113800565033
636,75.0,0.0,2.2724877535296173e-16,-0.08159430916836324
637,77.5,0.0,2.0231212538579513e-16,-0.08676590442675311
638,80.0,0.0,1.9103642279194588e-16,-0.09207394629317874
639,82.5,0.0,1.981921571303502e-16,-0.09751645728036087
640,85.0,0.0,2.0968470015869656e-16,-0.10309145990117549
641,87.5,0.0,2.0491421059976034e-16,-0.108796976668556
642,90.0,0.0,1.9060274192295168e-16,-0.11463103009545131
643,92.5,0.0,2.0534789146875454e-16,-0.12059164269480976
644,95.0,0.0,2.0383000842727483e-16,-0.1266768369795749
645,97.5,0.0,2.255140518769849e-16,-0.13288463546268553
646,100.0,0.0,2.454633718507182e-16,-0.13921306065707673
647,102.5,0.0,2.5630539357557325e-16,-0.1456601350756812
648,105.0,0.0,2.719179048593645e-16,-0.15222388123143024
649,107.5,0.0,2.8579569266717897e-16,-0.1589023216372544
650,110.0,0.0,2.918672248330978e-16,-0.16569347880608354
651,112.5,0.0,3.217912047936977e-16,-0.17259537525084775
652,115.0,0.0,3.647256108241237e-16,-0.17960603348447687
653,117.5,0.0,3.864096542738338e-16,-0.18672347601990044
654,120.0,0.0,4.375839968151496e-16,-0.19394572537004862
655,122.5,0.0,4.79217360238593e-16,-0.20127080404785055
656,125.0,0.0,4.92227786308419e-16,-0.20869673456623627
657,127.5,0.0,4.870236158804886e-16,-0.21622153943813574
658,130.0,0.0,5.043708506402567e-16,-0.22384324117647847
659,132.5,0.0,5.368969158148218e-16,-0.23155986229419417
660,135.0,0.0,5.113097445441639e-16,-0.2393694253042128
661,137.5,0.0,5.408000436357696e-16,-0.2472699527194641
662,140.0,0.0,5.247538514829841e-16,-0.25525946705287766
663,142.5,0.0,5.0133508455729725e-16,-0.2633359908173833
664,145.0,0.0,4.640385298237959e-16,-0.2714975465259105
665,147.5,0.0,4.371503159461554e-16,-0.279742156691389
666,150.0,0.0,3.694961003830599e-16,-0.2880678438267488
667,152.5,0.0,3.2612801348363973e-16,-0.2964726304449198
668,155.0,0.0,3.0270924655795284e-16,-0.3049545390588325
669,157.5,0.0,2.6194324487249787e-16,-0.31351159218141766
670,160.0,0.0,2.185751579730777e-16,-0.32214181232560707
671,162.5,0.0,1.43982048506075e-16,-0.33084322200433347
672,165.0,0.0,1.196959198423997e-16,-0.3396138437305328
673,167.5,0.0,8.673617379884035e-17,-0.3484517000171425
674,170.0,0.0,5.898059818321144e-17,-0.35735481337710273
675,172.5,0.0,4.2500725161431774e-17,-0.36632120632334997
676,175.0,0.0,7.45931094670027e-17,-0.37534890136880605
677,177.5,0.0,7.979727989493313e-17,-0.38443592102634594
678,180.0,0.0,3.209238430557093e-17,-0.39358028780872634
679,182.5,0.0,-9.107298248878237e-17,-0.4027800242284427
680,185.0,0.0,-2.1597307275911248e-16,-0.4120331527974519
681,187.5,0.0,-3.720981855970251e-16,-0.4213376960266756
682,190.0,0.0,-5.108760636751697e-16,-0.430691676425161
683,192.5,0.0,-5.819997261902188e-16,-0.4400931164987857
684,195.0,0.0,-5.9761223747401e-16,-0.4495400387484962
685,197.5,0.0,-5.629177679544739e-16,-0.4590304656684637
686,200.0,0.0,-5.724587470723463e-16,-0.4685624197455915
687,202.5,0.0,-5.100087019371813e-16,-0.47813392346420347
688,205.0,0.0,-4.9439619065339e-16,-0.48774299932488596
689,207.5,0.0,-4.388850394221322e-16,-0.49738766989652816
690,210.0,0.0,-5.117434254131581e-16,-0.5070659579393655
691,212.5,0.0,-6.210310043996969e-16,-0.5167758866694235
692,215.0,0.0,-6.071532165918825e-16,-0.5265154802873602
693,217.5,0.0,-6.002143226879753e-16,-0.5362827649711078
694,220.0,0.0,-5.169475958410885e-16,-0.5460757706241719
695,222.5,0.0,-4.649058915617843e-16,-0.5558925337375128
696,225.0,0.0,-4.2327252813834093e-16,-0.5657311016348852
697,227.5,0.0,-5.143455106271233e-16,-0.5755895378110257
698,230.0,0.0,-6.800116025829084e-16,-0.5854659263361921
699,232.5,0.0,-9.324138683375338e-16,-0.5953583689690984
700,235.0,0.0,-1.2038980923279041e-15,-0.6052649592523505
701,237.5,0.0,-1.4051260155412137e-15,-0.6151837001277782
702,240.0,0.0,-1.5802246663976227e-15,-0.6251123053549541
703,242.5,0.0,-1.665768217806729e-15,-0.6350478061388029
704,245.0,0.0,-1.6982942829812941e-15,-0.6449859103163236
705,247.5,0.0,-1.6529746321714e-15,-0.6549201779602578
706,250.0,0.0,-1.6237011735142914e-15,-0.6648412545068425
707,0.0,2.5,0.0,0.0
708,2.5,2.5,0.00016911104556860455,-7.134576465178601e-06
709,5.0,2.5,0.00034973842522010245,-0.00028276361705753235
710,7.5,2.5,0.0005383492738033032,-0.0007963172577766058
711,10.0,2.5,0.0007305651702209114,-0.001524654740133672
712,12.5,2.5,0.000922785746252269,-0.00245280210428639
713,15.0,2.5,0.0011129736232339729,-0.0035721253368390634
714,17.5,2.5,0.0013003656748924672,-0.004877811081358493
715,20.0,2.5,0.0014849194660472255,-0.006366947400357001
716,22.5,2.5,0.0016668367152384463,-0.008037404433830643
717,25.0,2.5,0.00184634218710781,-0.009887315843128328
718,27.5,2.5,0.002023609920756579,-0.011914861068013753
719,30.0,2.5,0.0021987551424180393,-0.014118192814827272
720,32.5,2.5,0.0023718471227870772,-0.016495423304443573
721,35.0,2.5,0.002542924582011847,-0.019044630686403503
722,37.5,2.5,0.002712007814339149,-0.02176386945339158
723,40.0,2.5,0.002879106781604781,-0.02465117935203634
724,42.5,2.5,0.0030442260112832488,-0.02770459161747154
725,45.0,2.5,0.003207367352310556,-0.030922132880254968
726,47.5,2.5,0.003368531429702606,-0.034301827431017
727,50.0,2.5,0.003527718364486929,-0.037841698450400474
728,52.5,2.5,0.003684928104419025,-0.041539768636619255
729,55.0,2.5,0.0038401605612651563,-0.045394060504572814
730,57.5,2.5,0.003993415658759681,-0.04940259651669853
731,60.0,2.5,0.0041446933431922295,-0.053563399133247966
732,62.5,2.5,0.004293993580741642,-0.05787449082708862
733,65.0,2.5,0.00444131635172282,-0.062333894084730085
734,67.5,2.5,0.004586661645404059,-0.06693963140318768
735,70.0,2.5,0.004730029456288194,-0.07168972528645329
736,72.5,2.5,0.004871419781743194,-0.07658219824274252
737,75.0,2.5,0.005010832620610545,-0.08161507278265252
738,77.5,2.5,0.005148267972440565,-0.08678637141804198
739,80.0,2.5,0.005283725837097518,-0.09209411666139611
740,82.5,2.5,0.005417206214568762,-0.09753633102548932
741,85.0,2.5,0.005548709104879668,-0.10311103702321714
742,87.5,2.5,0.005678234508060093,-0.10881625716751811
743,90.0,2.5,0.005805782424133628,-0.11465001397134073
744,92.5,2.5,0.005931352853116168,-0.12061032994763152
745,95.0,2.5,0.006054945795017435,-0.12669522760933216
746,97.5,2.5,0.006176561249842954,-0.1329027294693802
747,100.0,2.5,0.006296199217595654,-0.13923085804070984
748,102.5,2.5,0.006413859698277003,-0.14567763583625332
749,105.0,2.5,0.006529542691887699,-0.15224108536894165
750,107.5,2.5,0.006643248198428021,-0.1589192291517052
751,110.0,2.5,0.006754976217898113,-0.16571008969747372
752,112.5,2.5,0.006864726750298006,-0.1726116895191775
753,115.0,2.5,0.0069724997956276845,-0.1796220511297461
754,117.5,2.5,0.007078295353887146,-0.18673919704210906
755,120.0,2.5,0.007182113425076337,-0.19396114976919676
756,122.5,2.5,0.007283954009195286,-0.20128593182393817
757,125.0,2.5,0.007383817106243969,-0.20871156571926333
758,127.5,2.5,0.007481702716222398,-0.2162360739681021
759,130.0,2.5,0.007577610839130558,-0.2238574790833844
760,132.5,2.5,0.007671541474968458,-0.23157380357803958
761,135.0,2.5,0.00776349462373609,-0.23938306996499767
762,137.5,2.5,0.007853470285433494,-0.2472833007571885
763,140.0,2.5,0.007941468460060597,-0.25527251846754134
764,142.5,2.5,0.00802748914761742,-0.2633487456089865
765,145.0,2.5,0.008111532348103963,-0.2715100046944531
766,147.5,2.5,0.008193598061520311,-0.27975431823687114
767,150.0,2.5,0.008273686287866388,-0.2880797087491702
768,152.5,2.5,0.008351797027142126,-0.2964841987442808
769,155.0,2.5,0.00842793027934728,-0.3049658107351326
770,157.5,2.5,0.008502086044481345,-0.31352256723465644
771,160.0,2.5,0.008574264322543197,-0.3221524907557836
772,162.5,2.5,0.0086444651135309,-0.330853603811447
773,165.0,2.5,0.008712688417440953,-0.3396239289145812
774,167.5,2.5,0.008778934234267063,-0.3484614885781228
775,170.0,2.5,0.008843202563999494,-0.3573643053150112
776,172.5,2.5,0.008905493406624719,-0.36633040163818364
777,175.0,2.5,0.008965806762127819,-0.3753578000605674
778,177.5,2.5,0.009024142630502066,-0.38444452309505334
779,180.0,2.5,0.009080501011775327,-0.3935885932544388
780,182.5,2.5,0.00913488190607335,-0.4027880330513114
781,185.0,2.5,0.009187285313755964,-0.41204086499781756
782,187.5,2.5,0.009237711235688935,-0.42134511160524535
783,190.0,2.5,0.009286159673755623,-0.43069879538330874
784,192.5,2.5,0.009332630631759518,-0.44009993883901877
785,195.0,2.5,0.00937712411690694,-0.4495465644750988
786,197.5,2.5,0.009419640142020572,-0.45903669478819004
787,200.0,2.5,0.009460178728369696,-0.46856835226792337
788,202.5,2.5,0.009498739908168553,-0.4781395593998403
789,205.0,2.5,0.00953532372368662,-0.4877483386793382
790,207.5,2.5,0.00956993021519837,-0.49739271265211704
791,210.0,2.5,0.0096025593802402,-0.5070707040122779
792,212.5,2.5,0.009633211067761814,-0.5167803358168388
793,215.0,2.5,0.009661884736440378,-0.5265196319207824
794,217.5,2.5,0.009688578948130779,-0.5362866178044075
795,220.0,2.5,0.009713290376465625,-0.546079322051012
796,222.5,2.5,0.009736011985942566,-0.5558957788079194
797,225.0,2.5,0.009756729906505156,-0.5657340315311669
798,227.5,2.5,0.00977541850116842,-0.5755921379272191
799,230.0,2.5,0.009792033498622031,-0.5854681747009465
800,232.5,2.5,0.009806504526715377,-0.5953602373403798
801,235.0,2.5,0.009818732266524313,-0.6052664224732349
802,237.5,2.5,0.009828603448185095,-0.6151847648659248
803,240.0,2.5,0.009836048737493365,-0.6251130735073853
804,242.5,2.5,0.009841168872247511,-0.6350485755124566
805,245.0,2.5,0.009844411717720858,-0.6449872765411581
806,247.5,2.5,0.009846703662828978,-0.654923050245219
807,250.0,2.5,0.009849382573916703,-0.6648467169461838
808,0.0,5.0,0.0,0.0
809,2.5,5.0,0.0003399343492565744,-3.821377302447148e-05
810,5.0,5.0,0.000703939199364692,-0.00034026162863191596
811,7.5,5.0,0.001083680744802421,-0.0008712946728887265
812,10.0,5.0,0.0014692139040643807,-0.0016083029078759374
813,12.5,5.0,0.0018535010043286885,-0.0025391752736531803
814,15.0,5.0,0.0022330392119339327,-0.0036582374209716845
815,17.5,5.0,0.002606947378993377,-0.004962599797653385
816,20.0,5.0,0.0029753813301670955,-0.006450208429882877
817,22.5,5.0,0.0033387718568968112,-0.008119242343685239
818,25.0,5.0,0.0036975174451106844,-0.009967895600336792
819,27.5,5.0,0.004051905713840973,-0.011994322703871067
820,30.0,5.0,0.0044021197279836295,-0.0141966336192215
821,32.5,5.0,0.0047482666113598596,-0.01657290384177623
822,35.0,5.0,0.005090404946502465,-0.01912118583444293
823,37.5,5.0,0.005428564809238661,-0.02183951802910759
824,40.0,5.0,0.005762760631011985,-0.0247259308874355
825,42.5,5.0,0.006092998781092325,-0.02777845061662275
826,45.0,5.0,0.006419281742786884,-0.03099510129008815
827,47.5,5.0,0.006741610273869566,-0.03437390598437851
828,50.0,5.0,0.007059984452579583,-0.037912887351841014
829,52.5,5.0,0.007374404144869931,-0.04161006788953606
830,55.0,5.0,0.007684869190196708,-0.04546347005448703
831,57.5,5.0,0.007991379460842813,-0.04947111630641282
832,60.0,5.0,0.008293934870486833,-0.05363102911916545
833,62.5,5.0,0.008592535366231134,-0.05794123098042188
834,65.0,5.0,0.008887180917944113,-0.06239974438812304
835,67.5,5.0,0.009177871509518737,-0.06700459184688558
836,70.0,5.0,0.009464607132870752,-0.07175379586530725
837,72.5,5.0,0.009747387784221427,-0.07664537895420301
838,75.0,5.0,0.010026213461962053,-0.08167736362554749
839,77.5,5.0,0.010301084165503313,-0.08684777239188438
840,80.0,5.0,0.01057199989469291,-0.09215462776601546
841,82.5,5.0,0.010838960649540708,-0.09759595226084768
842,85.0,5.0,0.01110196643010008,-0.10316976838932362
843,87.5,5.0,0.011361017236423297,-0.10887409866439313
844,90.0,5.0,0.011616113068549243,-0.11470696559900243
845,92.5,5.0,0.011867253926503172,-0.12066639170609311
846,95.0,5.0,0.012114439810300158,-0.126750399498602
847,97.5,5.0,0.012357670719948604,-0.13295701148946323
848,100.0,5.0,0.012596946655452928,-0.13928425019160873
849,102.5,5.0,0.012832267616815253,-0.14573013811796948
850,105.0,5.0,0.013063633604036548,-0.1522926977814757
851,107.5,5.0,0.013291044617117215,-0.15896995169505743
852,110.0,5.0,0.01351450065605743,-0.16575992237164444
853,112.5,5.0,0.013734001720857222,-0.17266063232416665
854,115.0,5.0,0.013949547811516558,-0.1796701040655536
855,117.5,5.0,0.014161138928035454,-0.18678636010873514
856,120.0,5.0,0.014368775070413837,-0.19400742296664103
857,122.5,5.0,0.014572456238651704,-0.20133131515220093
858,125.0,5.0,0.014772182432749057,-0.20875605917834447
859,127.5,5.0,0.01496795365270591,-0.21627967755800165
860,130.0,5.0,0.01515976989852222,-0.22390019280410223
861,132.5,5.0,0.015347631170198016,-0.2316156274295759
862,135.0,5.0,0.015531537467733293,-0.23942400394735228
863,137.5,5.0,0.015711488791128,-0.24732334487036153
864,140.0,5.0,0.015887485140382213,-0.25531167271153277
865,142.5,5.0,0.0160595265154959,-0.2633870099837961
866,145.0,5.0,0.016227612916469073,-0.2715473792000812
867,147.5,5.0,0.01639174434330177,-0.27979080287331765
868,150.0,5.0,0.01655192079599399,-0.2881153035164352
869,152.5,5.0,0.016708142274545607,-0.2965189036423636
870,155.0,5.0,0.01686040877895622,-0.3049996257640331
871,157.5,5.0,0.01700872030922513,-0.3135554923943734
872,160.0,5.0,0.017153076865350766,-0.32218452604631503
873,162.5,5.0,0.017293478447330247,-0.33088474923279027
874,165.0,5.0,0.01742992505515796,-0.3396541844667308
875,167.5,5.0,0.01756241668882414,-0.34849085426107096
876,170.0,5.0,0.01769095334831311,-0.35739278112874784
877,172.5,5.0,0.0178155350336021,-0.36635798758270005
878,175.0,5.0,0.017936161744663413,-0.37538449613586705
879,177.5,5.0,0.018052833481476363,-0.38447032930117897
880,180.0,5.0,0.018165550244063897,-0.3936135095915351
881,182.5,5.0,0.018274312032581765,-0.40281205951975346
882,185.0,5.0,0.018379118847517056,-0.4120640015984618
883,187.5,5.0,0.018479970690093512,-0.4213673583398857
884,190.0,5.0,0.018576867563048098,-0.4307201522554565
885,192.5,5.0,0.018669809472030632,-0.44012040585513107
886,195.0,5.0,0.018758796427958503,-0.4495661416463025
887,197.5,5.0,0.018843828450654368,-0.4590553821322222
888,200.0,5.0,0.0189249055737854,-0.46858614981011726
889,202.5,5.0,0.01900202785001591,-0.47815646716987337
890,205.0,5.0,0.019075195352345607,-0.4877643566959059
891,207.5,5.0,0.019144408160806682,-0.49740784087860584
892,210.0,5.0,0.019209666309300433,-0.5070849422494146
893,212.5,5.0,0.019270969638942356,-0.5167936834681721
894,215.0,5.0,0.019328317451587935,-0.5265320875174617
895,217.5,5.0,0.019381707765612703,-0.5362981781022512
896,220.0,5.0,0.019431135828520258,-0.5460899804199701
897,222.5,5.0,0.019476591327679826,-0.5559055225562923
898,225.0,5.0,0.019518053486569743,-0.5657428378556955
899,227.5,5.0,0.01955548306884705,-0.5755999686406555
900,230.0,5.0,0.01958881062536758,-0.5854749714124964
901,232.5,5.0,0.019617922076408535,-0.5953659226477249
902,235.0,5.0,0.019642647995371812,-0.6052709212810725
903,237.5,5.0,0.01966277562369071,-0.6151880752798589
904,240.0,5.0,0.019678126598544773,-0.6251154370251419
905,242.5,5.0,0.019688776498970554,-0.6350507881616134
906,245.0,5.0,0.019695456179539907,-0.644991058943396
907,247.5,5.0,0.019699943242998934,-0.6549311915300412
908,250.0,5.0,0.019705045704038304,-0.6648626423143036
909,0.0,7.5,0.0,0.0
910,2.5,7.5,0.0005148270468710234,-9.52246276160161e-05
911,5.0,7.5,0.0010690102194591108,-0.0004434366435043431
912,7.5,7.5,0.0016445768561649445,-0.0010017447147726917
913,10.0,7.5,0.0022249070703860337,-0.001750041320021664
914,12.5,7.5,0.002799783590289357,-0.002683178426576329
915,15.0,7.5,0.0033666373153999674,-0.003801045379388409
916,17.5,7.5,0.003925351190841865,-0.005103137132846919
917,20.0,7.5,0.004476487426241895,-0.006588380312763222
918,22.5,7.5,0.00502062520310893,-0.008255245701493249
919,25.0,7.5,0.005558197618315657,-0.010101959827159867
920,27.5,7.5,0.00608948634837486,-0.012126627716272872
921,30.0,7.5,0.006614659363325031,-0.014327299896627734
922,32.5,7.5,0.0071338102611858715,-0.01670200465955873
923,35.0,7.5,0.007646988079588752,-0.019248762659124813
924,37.5,7.5,0.00815421691852368,-0.021965592886985127
925,40.0,7.5,0.008655507758406752,-0.024850514759094874
926,42.5,7.5,0.009150865103017027,-0.02790154859242518
927,45.0,7.5,0.009640290488858425,-0.03111671551167521
928,47.5,7.5,0.010123784225268126,-0.034494037219396666
929,50.0,7.5,0.010601346195982114,-0.03803153578556116
930,52.5,7.5,0.01107297619329325,-0.04172723349558506
931,55.0,7.5,0.011538674035756697,-0.04557915275312002
932,57.5,7.5,0.011998439594960488,-0.049585316022790836
933,60.0,7.5,0.012452272789790527,-0.05374374579864381
934,62.5,7.5,0.012900173572921229,-0.05805246458781039
935,65.0,7.5,0.013342141918496375,-0.06250949490258828
936,67.5,7.5,0.013778177813242538,-0.0671128592568986
937,70.0,7.5,0.014208281250788385,-0.07186058016487354
938,72.5,7.5,0.014632452228320051,-0.076750680140403
939,75.0,7.5,0.015050690744739175,-0.08178118169706709
940,77.5,7.5,0.015462996799709729,-0.08695010734819471
941,80.0,7.5,0.01586937039319614,-0.09225547960694294
942,82.5,7.5,0.016269811525257,-0.09769532098636334
943,85.0,7.5,0.01666432019596293,-0.10326765399944675
944,87.5,7.5,0.01705289640537011,-0.10897050115915158
945,90.0,7.5,0.0174355401535166,-0.11480188497841992
946,92.5,7.5,0.017812251440425704,-0.12075982797018578
947,95.0,7.5,0.018183030266110716,-0.12684235264738009
948,97.5,7.5,0.018547876630578764,-0.13304748152293258
949,100.0,7.5,0.018906790533833418,-0.13937323710977254
950,102.5,7.5,0.01925977197587634,-0.1458176419208293
951,105.0,7.5,0.01960682095670822,-0.1523787184690324
952,107.5,7.5,0.019947937476329346,-0.1590544892673113
953,110.0,7.5,0.020283121534739806,-0.16584297682859564
954,112.5,7.5,0.02061237313193956,-0.17274220366581516
955,115.0,7.5,0.020935692267928588,-0.17975019229189948
956,117.5,7.5,0.0212530789427069,-0.1868649652197784
957,120.0,7.5,0.021564533156274504,-0.19408454496238162
958,122.5,7.5,0.021870054908631316,-0.20140695403263867
959,125.0,7.5,0.02216964419977735,-0.2088302149434797
960,127.5,7.5,0.022463301029712605,-0.2163523502078341
961,130.0,7.5,0.022751025398437062,-0.22397138233863198
962,132.5,7.5,0.023032817305950727,-0.231685333848803
963,135.0,7.5,0.023308676752253635,-0.23949222725127667
964,137.5,7.5,0.023578603737345712,-0.24739008505898305
965,140.0,7.5,0.02384259826122697,-0.25537692978485166
966,142.5,7.5,0.024100660323897516,-0.2634507839418124
967,145.0,7.5,0.024352789925357284,-0.2716096700427947
968,147.5,7.5,0.024598987065606325,-0.2798516106007285
969,150.0,7.5,0.024839251744644616,-0.28817462812854333
970,152.5,7.5,0.025073583962472085,-0.2965767451391687
971,155.0,7.5,0.025301983719088532,-0.30505598414553453
972,157.5,7.5,0.025524451014493313,-0.3136103676605698
973,160.0,7.5,0.025740985848685324,-0.32223791819720476
974,162.5,7.5,0.025951588221662072,-0.3309366582683692
975,165.0,7.5,0.026156258133418677,-0.33970461038699246
976,167.5,7.5,0.026354995583946415,-0.3485397970660056
977,170.0,7.5,0.02654780057323044,-0.35744024081834236
978,172.5,7.5,0.026734673101247552,-0.3664039641569411
979,175.0,7.5,0.026915613167965743,-0.375428989594753
980,177.5,7.5,0.02709062077334983,-0.3845133396447501
981,180.0,7.5,0.02725969591738517,-0.3936550368199445
982,182.5,7.5,0.027422838600142375,-0.4028521036334153
983,185.0,7.5,0.02758004882193065,-0.412102562598347
984,187.5,7.5,0.027731326583625926,-0.4214044362280655
985,190.0,7.5,0.027876671887327193,-0.43075574703604835
986,192.5,7.5,0.02801608473758745,-0.44015451753582263
987,195.0,7.5,0.028149565143580833,-0.4495987702405595
988,197.5,7.5,0.028277113122652173,-0.45908652766196045
989,200.0,7.5,0.028398728705594775,-0.46861581230763505
990,202.5,7.5,0.02851441194335013,-0.47818464667546634
991,205.0,7.5,0.028624162912782858,-0.48779105324236804
992,207.5,7.5,0.02872798171407752,-0.4974330544432022
993,210.0,7.5,0.028825868440888053,-0.5071086726336786
994,212.5,7.5,0.028917823080828027,-0.5168159300296354
995,215.0,7.5,0.02900384525841575,-0.5265528486168283
996,217.5,7.5,0.02908393365002999,-0.5363174500367752
997,220.0,7.5,0.029158084760091782,-0.54610775548988
998,222.5,7.5,0.02922629052756107,-0.55592178578763
999,225.0,7.5,0.02928853392450763,-0.5657575618920578
1000,227.5,7.5,0.02934478136471818,-0.5756131067193964
1001,230.0,7.5,0.029394970575371437,-0.5854864498598596
1002,232.5,7.5,0.02943899322474771,-0.5953756385063004
1003,235.0,7.5,0.02947667469534182,-0.6052787604739535
1004,237.5,7.5,0.02950776300181364,-0.615193988139707
1005,240.0,7.5,0.029531965926319563,-0.6251196461221886
1006,242.5,7.5,0.02954913882024994,-0.6350542665140143
1007,245.0,7.5,0.0295598662817121,-0.644996359369993
1008,247.5,7.5,0.029566484772641694,-0.6549431016391515
1009,250.0,7.5,0.029573470373566058,-0.6648875771170427
1010,0.0,10.0,0.0,0.0
1011,2.5,10.0,0.0006999808755730897,-0.0001890933587238332
1012,5.0,10.0,0.0014554656195394915,-0.0006057477708174199
1013,7.5,10.0,0.0022346136873851083,-0.0011951615975532206
1014,10.0,10.0,0.0030065589984441857,-0.0019507226649355636
1015,12.5,10.0,0.0037677610758634094,-0.002883894160714999
1016,15.0,10.0,0.004518590798807193,-0.003999293468021651
1017,17.5,10.0,0.0052599670959141785,-0.005298418289180059
1018,20.0,10.0,0.005992552187222687,-0.006780783312172018
1019,22.5,10.0,0.0067167528481423735,-0.008444999993283088
1020,25.0,10.0,0.007432800475648465,-0.010289273633334674
1021,27.5,10.0,0.008140820371446915,-0.012311651283287858
1022,30.0,10.0,0.008840877152983418,-0.014510129404140813
1023,32.5,10.0,0.009533002344109046,-0.016882696897174115
1024,35.0,10.0,0.010217210277838678,-0.019427349013918953
1025,37.5,10.0,0.010893506844305696,-0.02214208967019389
1026,40.0,10.0,0.011561894068108003,-0.02502492991293752
1027,42.5,10.0,0.012222372370908603,-0.02807388569186861
1028,45.0,10.0,0.012874941614214007,-0.0312869759955428
1029,47.5,10.0,0.013519601535504966,-0.034662221559446274
1030,50.0,10.0,0.014156351903030662,-0.03819764406086322
1031,52.5,10.0,0.014785192551976445,-0.04189126565401695
1032,55.0,10.0,0.01540612337790821,-0.045741108718461654
1033,57.5,10.0,0.016019144319746822,-0.049745195731140536
1034,60.0,10.0,0.01662425534404969,-0.05390154920564744
1035,62.5,10.0,0.01722145643361138,-0.058208191665799325
1036,65.0,10.0,0.01781074758015234,-0.0626631456355758
1037,67.5,10.0,0.018392128780003753,-0.0672644336362265
1038,70.0,10.0,0.01896560003172566,-0.07201007818613656
1039,72.5,10.0,0.019531161334871774,-0.07689810180150834
1040,75.0,10.0,0.020088812689389644,-0.0819265269971034
1041,77.5,10.0,0.020638554095351605,-0.0870933762868144
1042,80.0,10.0,0.021180385552847215,-0.09239667218404568
1043,82.5,10.0,0.021714307061948424,-0.09783443720194417
1044,85.0,10.0,0.022240318622704112,-0.10340469385352885
1045,87.5,10.0,0.02275842023514433,-0.10910546465176041
1046,90.0,10.0,0.023268611899286234,-0.1149347721095751
1047,92.5,10.0,0.023770893615139024,-0.12089063873990034
1048,95.0,10.0,0.024265265382707304,-0.12697108705566207
1049,97.5,10.0,0.024751727201993284,-0.13317413956978635
1050,100.0,10.0,0.025230279072997908,-0.13949781879520054
1051,102.5,10.0,0.025700920995721504,-0.14594014724483273
1052,105.0,10.0,0.026163652970164212,-0.1524991474316117
1053,107.5,10.0,0.026618474996325966,-0.15917284186846686
1054,110.0,10.0,0.027065387074206772,-0.16595925306832743
1055,112.5,10.0,0.027504389203806587,-0.17285640354412316
1056,115.0,10.0,0.02793548138512537,-0.17986231580878367
1057,117.5,10.0,0.028358663618163145,-0.18697501237523895
1058,120.0,10.0,0.028773935902919927,-0.19419251575641847
1059,122.5,10.0,0.029181298239395668,-0.20151284846525172
1060,125.0,10.0,0.02958075062759036,-0.20893403301466884
1061,127.5,10.0,0.02997229306750403,-0.2164540919175996
1062,130.0,10.0,0.030355925559136687,-0.22407104768697356
1063,132.5,10.0,0.030731648102488254,-0.23178292283572077
1064,135.0,10.0,0.031099460697558756,-0.23958773987677082
1065,137.5,10.0,0.03145936334434821,-0.24748352132305326
1066,140.0,10.0,0.031811356042856606,-0.25546828968749824
1067,142.5,10.0,0.032155438793083906,-0.2635400674830352
1068,145.0,10.0,0.03249161159503022,-0.2716968772225938
1069,147.5,10.0,0.03281987444869551,-0.2799367414191039
1070,150.0,10.0,0.033140227354079746,-0.2882576825854946
1071,152.5,10.0,0.03345267031118303,-0.2966577232346962
1072,155.0,10.0,0.03375720332000523,-0.3051348858796375
1073,157.5,10.0,0.03405382638054637,-0.31368719303324755
1074,160.0,10.0,0.03434253949280616,-0.32231266720845575
1075,162.5,10.0,0.034623342656783816,-0.3310093309181901
1076,165.0,10.0,0.03489623587247775,-0.3397752066753785
1077,167.5,10.0,0.035161219139884785,-0.3486083169929486
1078,170.0,10.0,0.03541829245899867,-0.35750668438383115
1079,172.5,10.0,0.035667455829808105,-0.3664683313609627
1080,175.0,10.0,0.035908709252294155,-0.3754912804373001
1081,177.5,10.0,0.036142052726426926,-0.3845735541258418
1082,180.0,10.0,0.03636748625216539,-0.39371317493967584
1083,182.5,10.0,0.0365850098294653,-0.4029081653920678
1084,185.0,10.0,0.03679462345831021,-0.412156547996605
1085,187.5,10.0,0.03699632713879593,-0.42145634526743303
1086,190.0,10.0,0.037190120871329724,-0.43080557971958316
1087,192.5,10.0,0.03737600465705649,-0.4402022738693575
1088,195.0,10.0,0.037553978498707924,-0.44964445023454197
1089,197.5,10.0,0.037724042402193125,-0.4591301313338631
1090,200.0,10.0,0.0378861963793914,-0.4686573396842196
1091,202.5,10.0,0.03804044045271393,-0.4782240977925472
1092,205.0,10.0,0.03818677466186014,-0.4878284281359502
1093,207.5,10.0,0.0383251990723304,-0.4974683531180521
1094,210.0,10.0,0.03845571378259147,-0.5071418949801528
1095,212.5,10.0,0.03857831892014618,-0.5168470756316867
1096,215.0,10.0,0.03869301460194691,-0.5265819163462847
1097,217.5,10.0,0.03879980080407118,-0.5363444372531125
1098,220.0,10.0,0.03889867702647262,-0.5461326565569501
1099,222.5,10.0,0.03898964153029029,-0.5559445894932014
1100,225.0,10.0,0.03907268973657385,-0.565778247277004
1101,227.5,10.0,0.03914781106270944,-0.5756316369742971
1102,230.0,10.0,0.03921498298067207,-0.5855027647836595
1103,232.5,10.0,0.03927416036349425,-0.5953896485599021
1104,235.0,10.0,0.039325257334317874,-0.6052903522577454
1105,237.5,10.0,0.039368118968082774,-0.6152030674822004
1106,240.0,10.0,0.039402486907211605,-0.6251262908784131
1107,242.5,10.0,0.03942800850600836,-0.6350591581698217
1108,245.0,10.0,0.0394445203660333,-0.6450019872521674
1109,247.5,10.0,0.039453680740304524,-0.6549560417648018
1110,250.0,10.0,0.03946185518911923,-0.6649187865925026
1111,0.0,12.5,0.0,0.0
1112,2.5,12.5,0.0009042632094792779,-0.0003490846621586245
1113,5.0,12.5,0.0018984250988140204,-0.0008514639400679334
1114,7.5,12.5,0.002866796086471061,-0.0014512944871647203
1115,10.0,12.5,0.0038187489759660006,-0.0022083280958153464
1116,12.5,12.5,0.0047595315285834305,-0.003139122856146369
1117,15.0,12.5,0.005691044099048875,-0.0042515282704254295
1118,17.5,12.5,0.0066135947700177306,-0.005547559458537743
1119,20.0,12.5,0.007527014293311091,-0.007026921534479411
1120,22.5,12.5,0.00843105696849684,-0.008688241504597457
1121,25.0,12.5,0.00932552279503482,-0.010529704745279533
1122,27.5,12.5,0.010210276544207563,-0.012549331289925813
1123,30.0,12.5,0.011085235721222959,-0.014745095429590523
1124,32.5,12.5,0.011950353595448951,-0.01711497056124062
1125,35.0,12.5,0.012805605329881141,-0.019656942149296266
1126,37.5,12.5,0.013650978534843669,-0.022369008372186944
1127,40.0,12.5,0.014486467461263662,-0.02524917712151406
1128,42.5,12.5,0.015312069686509822,-0.02829546271428924
1129,45.0,12.5,0.01612778433942869,-0.03150588334781369
1130,47.5,12.5,0.016933611207500344,-0.034878459403599085
1131,50.0,12.5,0.017729550318295633,-0.038411212417858935
1132,52.5,12.5,0.01851560176051627,-0.04210216449955273
1133,55.0,12.5,0.019291765617906326,-0.04594933802150705
1134,57.5,12.5,0.020058041951763386,-0.04995075546655381
1135,60.0,12.5,0.020814430801620556,-0.05410443935627307
1136,62.5,12.5,0.02156093219090814,-0.058408412221056055
1137,65.0,12.5,0.02229754613260458,-0.06286069658940473
1138,67.5,12.5,0.023024272633464387,-0.06745931498537303
1139,70.0,12.5,0.023741111696780618,-0.07220228992895883
1140,72.5,12.5,0.024448063324037633,-0.07708764393723427
1141,75.0,12.5,0.025145127515834084,-0.08211339952540143
1142,77.5,12.5,0.025832304272367143,-0.08727757920756107
1143,80.0,12.5,0.026509593593670597,-0.09257820549720769
1144,82.5,12.5,0.027176995479723454,-0.098013300907522
1145,85.0,12.5,0.027834509930494408,-0.10358088795153263
1146,87.5,12.5,0.028482136945957203,-0.10927898914220027
1147,90.0,12.5,0.0291198765260935,-0.11510562699245871
1148,92.5,12.5,0.02974772867089187,-0.12105882401523274
1149,95.0,12.5,0.030365693380345716,-0.12713660272344623
1150,97.5,12.5,0.030973770654451466,-0.13333698563002408
1151,100.0,12.5,0.03157196049320728,-0.13965799524789263
1152,102.5,12.5,0.03216026289661231,-0.14609765408997974
1153,105.0,12.5,0.0327386778646662,-0.15265398466921382
1154,107.5,12.5,0.03330720539736881,-0.15932500949852402
1155,110.0,12.5,0.033865845494720055,-0.16610875109083986
1156,112.5,12.5,0.034414598156719954,-0.17300323195909062
1157,115.0,12.5,0.03495346338336852,-0.1800064746162064
1158,117.5,12.5,0.03548244117466579,-0.18711650157511678
1159,120.0,12.5,0.03600153153061174,-0.19433133534875136
1160,122.5,12.5,0.036510734451206395,-0.20164899845003986
1161,125.0,12.5,0.03701004993644977,-0.20906751339191212
1162,127.5,12.5,0.0374994779863419,-0.21658490268729805
1163,130.0,12.5,0.03797901860088268,-0.22419918884912704
1164,132.5,12.5,0.03844867178007216,-0.23190839439032945
1165,135.0,12.5,0.0389084375239103,-0.2397105418238346
1166,137.5,12.5,0.03935831583239719,-0.24760365366257242
1167,140.0,12.5,0.03979830670553269,-0.25558575241947235
1168,142.5,12.5,0.04022841014331678,-0.2636548606074644
1169,145.0,12.5,0.040648626145749565,-0.27180900073947833
1170,147.5,12.5,0.041058954712831004,-0.28004619532844344
1171,150.0,12.5,0.041459395844561084,-0.28836446688728945
1172,152.5,12.5,0.04184994954093982,-0.29676183792894595
1173,155.0,12.5,0.042230615801967374,-0.3052363309663421
1174,157.5,12.5,0.04260139462764412,-0.3137859685124069
1175,160.0,12.5,0.04296228601797058,-0.3224087730800691
1176,162.5,12.5,0.04331328997294799,-0.3311027671822562
1177,165.0,12.5,0.04365440649257882,-0.33986597333189544
1178,167.5,12.5,0.0439856355768674,-0.3486964140419134
1179,170.0,12.5,0.04430697722582086,-0.3575921118252391
1180,172.5,12.5,0.04461843143945024,-0.36655108919480883
1181,175.0,12.5,0.04491999821777031,-0.37557136866358065
1182,177.5,12.5,0.04521167756079573,-0.38465097274456217
1183,180.0,12.5,0.045493469468528114,-0.39378792395086926
1184,182.5,12.5,0.045765373940921325,-0.4029802447958353
1185,185.0,12.5,0.04602739097780207,-0.412225957793198
1186,187.5,12.5,0.04627952057870138,-0.42152308545740846
1187,190.0,12.5,0.0465217627425238,-0.4308696503040863
1188,192.5,12.5,0.04675411746693442,-0.4402636748505886
1189,195.0,12.5,0.04697658474729562,-0.44970318161647777
1190,197.5,12.5,0.04718916457495753,-0.4591861931232185
1191,200.0,12.5,0.0473918569347829,-0.46871073189141943
1192,202.5,12.5,0.04758466180216695,-0.4782748204318631
1193,205.0,12.5,0.04776757914091511,-0.48787648122257443
1194,207.5,12.5,0.04794060890602885,-0.4975137366569625
1195,210.0,12.5,0.048103751061337824,-0.5071846089358908
1196,212.5,12.5,0.04825700563387712,-0.5168871198575957
1197,215.0,12.5,0.048400372849705144,-0.526619290433443
1198,217.5,12.5,0.04853385343667345,-0.5363791402297811
1199,220.0,12.5,0.048657449247888784,-0.5461646863265257
1200,222.5,12.5,0.04877116446402883,-0.5559739418456577
1201,225.0,12.5,0.04887500777180102,-0.5658049142638367
1202,227.5,12.5,0.04896899605175795,-0.5756556044543529
1203,230.0,12.5,0.04905316010271386,-0.585524009149788
1204,232.5,12.5,0.04912755239101467,-0.595408133371395
1205,235.0,12.5,0.04919225474348864,-0.6053060273557872
1206,237.5,12.5,0.04924737786906578,-0.6152158795968421
1207,240.0,12.5,0.049293029182150394,-0.6251362307046184
1208,242.5,12.5,0.0493291901542141,-0.6350664649380695
1209,245.0,12.5,0.049355419039996726,-0.6450078294220445
1210,247.5,12.5,0.04937060334193108,-0.6549659630753575
1211,250.0,12.5,0.04937900232063051,-0.6649508500300615
1212,0.0,15.0,0.0,0.0
1213,2.5,15.0,0.0012828981213629045,-0.0006710310573986917
1214,5.0,15.0,0.0024183561316049726,-0.0011582525191184434
1215,7.5,15.0,0.003535693338370757,-0.0017632661571429782
1216,10.0,15.0,0.004654181034541403,-0.0025183565476044516
1217,12.5,15.0,0.005771184208443658,-0.0034473205541925697
1218,15.0,15.0,0.006883307055302432,-0.004557256187451919
1219,17.5,15.0,0.00798778521781544,-0.005850504744749643
1220,20.0,15.0,0.00908280757932191,-0.007326864573388782
1221,22.5,15.0,0.010167265265346786,-0.008985056280808467
1222,25.0,15.0,0.011240521914650269,-0.010823321228316227
1223,27.5,15.0,0.012302231673563386,-0.012839713401934797
1224,30.0,15.0,0.013352217000727414,-0.015032225751548764
1225,32.5,15.0,0.014390392363399113,-0.01739884137000773
1226,35.0,15.0,0.015416719726094482,-0.019937550413746785
1227,37.5,15.0,0.016431184056845724,-0.022646353154904264
1228,40.0,15.0,0.0174337806189736,-0.02552325831445289
1229,42.5,15.0,0.018424508784411327,-0.028566280471764894
1230,45.0,15.0,0.019403369247846212,-0.03177343785975372
1231,47.5,15.0,0.020370362904525208,-0.03514275082230681
1232,50.0,15.0,0.021325490481664763,-0.03867224084670349
1233,52.5,15.0,0.0222687524761466,-0.04235993000205853
1234,55.0,15.0,0.023200149194716455,-0.046203840633941944
1235,57.5,15.0,0.024119680813148834,-0.05020199520834629
1236,60.0,15.0,0.025027347425925647,-0.05435241623719627
1237,62.5,15.0,0.025923149080744348,-0.05865312624569047
1238,65.0,15.0,0.026807085800055364,-0.06310214775970785
1239,67.5,15.0,0.02767915759351112,-0.06769750330206697
1240,70.0,15.0,0.028539364464710698,-0.07243721539223405
1241,72.5,15.0,0.029387706414632862,-0.07731930654708266
1242,75.0,15.0,0.030224183443267577,-0.08234179928176058
1243,77.5,15.0,0.031048795550327045,-0.0875027161103689
1244,80.0,15.0,0.03186154273551705,-0.09280007954641786
1245,82.5,15.0,0.03266242499861544,-0.09823191210310411
1246,85.0,15.0,0.03345144233947635,-0.10379623629346861
1247,87.5,15.0,0.034228594758012126,-0.10949107463048008
1248,90.0,15.0,0.03499388225417368,-0.11531444962707695
1249,92.5,15.0,0.035747304827935235,-0.1212643837961868
1250,95.0,15.0,0.036488862479284026,-0.127338899650735
1251,97.5,15.0,0.037218555208214224,-0.13353601970364698
1252,100.0,15.0,0.03793638301472345,-0.13985376646784956
1253,102.5,15.0,0.03864234589881086,-0.1462901624562706
1254,105.0,15.0,0.03933644386047627,-0.15284323018183876
1255,107.5,15.0,0.04001867689971978,-0.1595109921574829
1256,110.0,15.0,0.040689045016541414,-0.16629147089613286
1257,112.5,15.0,0.04134754821094139,-0.17318268891071759
1258,115.0,15.0,0.041994186482919735,-0.18018266871416747
1259,117.5,15.0,0.04262895983247644,-0.18728943281941185
1260,120.0,15.0,0.04325186825961154,-0.19450100373938056
1261,122.5,15.0,0.04386291176432508,-0.20181540398700307
1262,125.0,15.0,0.044462090346617106,-0.2092306560752095
1263,127.5,15.0,0.045049404006487596,-0.21674478251692944
1264,130.0,15.0,0.045624852743936635,-0.22435580582509249
1265,132.5,15.0,0.046188436558964124,-0.23206174851262895
1266,135.0,15.0,0.04674015545156998,-0.23986063309246825
1267,137.5,15.0,0.04728000942175421,-0.24775048207754014
1268,140.0,15.0,0.04780799846951684,-0.2557293179807739
1269,142.5,15.0,0.048324122594857855,-0.26379516331510017
1270,145.0,15.0,0.0488283817977771,-0.2719460405934481
1271,147.5,15.0,0.04932077607827462,-0.2801799723287473
1272,150.0,15.0,0.04980130543635039,-0.28849498103392734
1273,152.5,15.0,0.05026996987200432,-0.29688908922191776
1274,155.0,15.0,0.05072676938523644,-0.3053603194056481
1275,157.5,15.0,0.05117170397604712,-0.3139066940980469
1276,160.0,15.0,0.051604773644436996,-0.32252623581204326
1277,162.5,15.0,0.05202597839040791,-0.3312169670605649
1278,165.0,15.0,0.05243531821396415,-0.33997691035653965
1279,167.5,15.0,0.052832793115114546,-0.348804088212895
1280,170.0,15.0,0.053218403093876834,-0.3576965231425615
1281,172.5,15.0,0.05359214815028356,-0.366652237658479
1282,175.0,15.0,0.05395402828439081,-0.3756692542736101
1283,177.5,15.0,0.05430404349628859,-0.3847455955009695
1284,180.0,15.0,0.054642193786106776,-0.39387928385368187
1285,182.5,15.0,0.05496847915399964,-0.403068341845086
1286,185.0,15.0,0.055282899600070476,-0.4123107919889101
1287,187.5,15.0,0.05558545512415334,-0.421604656799552
1288,190.0,15.0,0.05587614572527869,-0.4309479587924687
1289,192.5,15.0,0.056154971400501415,-0.44033872048461564
1290,195.0,15.0,0.05642193214251866,-0.4497749643946636
1291,197.5,15.0,0.056677027935127175,-0.4592547130422499
1292,200.0,15.0,0.056920258745088215,-0.4687759889444737
1293,202.5,15.0,0.057151624508530084,-0.4783368146057848
1294,205.0,15.0,0.05737112511013299,-0.4879352124935297
1295,207.5,15.0,0.05757876035530151,-0.49756920498457163
1296,210.0,15.0,0.057774529942258,-0.5072368142572004
1297,212.5,15.0,0.05795843345858461,-0.5169360620858177
1298,215.0,15.0,0.05813047046704749,-0.5266649694746346
1299,217.5,15.0,0.05829064083025897,-0.5364215560479993
1300,220.0,15.0,0.058438945590122866,-0.5462038391221559
1301,222.5,15.0,0.0585753890254849,-0.5560098324745536
1302,225.0,15.0,0.05869998304607564,-0.565837545133472
1303,227.5,15.0,0.058812755950199955,-0.5756849813041417
1304,230.0,15.0,0.05891376887822902,-0.5855501443686001
1305,232.5,15.0,0.059003145036678945,-0.5954310517555527
1306,235.0,15.0,0.05908111869944675,-0.605325775519101
1307,237.5,15.0,0.05914811183495364,-0.6152325392754534
1308,240.0,15.0,0.059204842944542896,-0.6251499402242068
1309,242.5,15.0,0.059252442656715844,-0.6350774320680219
1310,245.0,15.0,0.05929242719181843,-0.6450165384163278
1311,247.5,15.0,0.059325398407842296,-0.6549732800632881
1312,250.0,15.0,0.059342251753241,-0.6649682613295985
