node,x_mm,temperature_C,analytic_C,error_C
0,0.0,100.0,100.0,0.0
1,5.0,97.95808327320334,97.95820415069058,-0.00012087748723388358
2,10.0,95.99180689579495,95.99204224120372,-0.0002353454087682394
3,15.0,94.09913230226556,94.09947600081617,-0.0003436985506084511
4,20.0,92.27809723482126,92.27854345358834,-0.00044621876708106356
5,25.0,90.52681370898422,90.52735688443322,-0.0005431754489961804
6,30.0,88.84346605619756,88.84410088216941,-0.000634825971857822
7,35.0,87.22630904140456,87.22703045752993,-0.000721416125372798
8,40.0,85.67366605365102,85.67446923417562,-0.0008031805245991563
9,45.0,84.1839273678345,84.18480771083787,-0.0008803430033736959
10,50.0,82.75554847579859,82.75650159278892,-0.000953116990331182
11,55.0,81.38704848504166,81.38807019091047,-0.0010217058688084535
12,60.0,80.07700858338013,80.0780948867002,-0.0010863033200649852
13,65.0,78.82407056797439,78.82521766162574,-0.0011470936513546803
14,70.0,77.62693543719233,77.62813968930082,-0.0012042521084936197
15,75.0,76.4843620438506,76.48561998902454,-0.0012579451739469505
16,80.0,75.39516580843726,75.39647413928785,-0.0013083308505912328
17,85.0,74.35821749098189,74.35957304991351,-0.0013555589316212036
18,90.0,73.37244202029963,73.37384179155657,-0.0013997712569420173
19,95.0,72.43681737939558,72.43825848135216,-0.0014411019565869765
20,100.0,71.55037354587387,71.55185322355504,-0.0014796776811749623
21,105.0,70.7121914862529,70.71370710407315,-0.0015156178202460069
22,110.0,69.92140220314411,69.92295123785236,-0.001549034708247632
23,115.0,69.17718583430627,69.17876586812511,-0.0015800338188398655
24,120.0,68.47877080264149,68.48037951658921,-0.001608713947717888
25,125.0,67.82543301625148,67.82706818363553,-0.0016351673840517833
26,130.0,67.21649511772479,67.21815459779593,-0.0016594800711402513
27,135.0,66.65132578187666,66.65300751363273,-0.001681731756065119
28,140.0,66.12933906121359,66.13104105734256,-0.0017019961289719276
29,145.0,65.64999377844366,65.65171411939558,-0.0017203409519197521
30,150.0,65.21279296540325,65.2145297935809,-0.0017368281776413141
31,155.0,64.81728334781806,64.81903486187623,-0.0017515140581707556
32,160.0,64.46305487536439,64.46481932460838,-0.0017644492439927717
33,165.0,64.14974029654361,64.1515159754166,-0.001775678872988351
34,170.0,63.87701477792883,63.87880002057912,-0.0017852426502926733
35,175.00000000000003,63.64459556738909,63.64638874230765,-0.0017931749185606805
36,180.0,63.45224170094206,63.45404120566087,-0.0017995047188108515
37,185.0,63.29975375293108,63.301558008773284,-0.0018042558422024513
38,190.0,63.186973629267776,63.18878107614025,-0.0018074468724762482
39,195.0,63.113784403525685,63.11559349474515,-0.0018090912194637099
40,200.0,63.08011019571513,63.08191939285851,-0.0018091971433804588
